CREATE DATABASE  IF NOT EXISTS `af25stevc1_collegeDB_V4` /*!40100 DEFAULT CHARACTER SET utf8mb3 COLLATE utf8mb3_general_ci */;
USE `af25stevc1_collegeDB_V4`;
-- MySQL dump 10.13  Distrib 8.0.38, for Win64 (x86_64)
--
-- Host: localhost    Database: af25stevc1_collegeDB_V3
-- ------------------------------------------------------
-- Server version	5.5.5-10.11.6-MariaDB-0+deb12u1

/*!40101 SET @OLD_CHARACTER_SET_CLIENT=@@CHARACTER_SET_CLIENT */;
/*!40101 SET @OLD_CHARACTER_SET_RESULTS=@@CHARACTER_SET_RESULTS */;
/*!40101 SET @OLD_COLLATION_CONNECTION=@@COLLATION_CONNECTION */;
/*!50503 SET NAMES utf8 */;
/*!40103 SET @OLD_TIME_ZONE=@@TIME_ZONE */;
/*!40103 SET TIME_ZONE='+00:00' */;
/*!40014 SET @OLD_UNIQUE_CHECKS=@@UNIQUE_CHECKS, UNIQUE_CHECKS=0 */;
/*!40014 SET @OLD_FOREIGN_KEY_CHECKS=@@FOREIGN_KEY_CHECKS, FOREIGN_KEY_CHECKS=0 */;
/*!40101 SET @OLD_SQL_MODE=@@SQL_MODE, SQL_MODE='NO_AUTO_VALUE_ON_ZERO' */;
/*!40111 SET @OLD_SQL_NOTES=@@SQL_NOTES, SQL_NOTES=0 */;

--
-- Table structure for table `course`
--

DROP TABLE IF EXISTS `course`;
/*!40101 SET @saved_cs_client     = @@character_set_client */;
/*!50503 SET character_set_client = utf8mb4 */;
CREATE TABLE `course` (
  `course_id` int(11) NOT NULL AUTO_INCREMENT,
  `course_code` varchar(20) NOT NULL,
  `course_title` varchar(45) DEFAULT NULL,
  `credits` int(11) DEFAULT NULL,
  `department_id` int(11) NOT NULL,
  PRIMARY KEY (`course_id`),
  KEY `idx_course_code` (`course_code`),
  KEY `idx_course_title` (`course_title`),
  KEY `idx_course_department` (`department_id`),
  CONSTRAINT `fk_course_department` FOREIGN KEY (`department_id`) REFERENCES `department` (`department_id`) ON UPDATE CASCADE
) ENGINE=InnoDB AUTO_INCREMENT=16 DEFAULT CHARSET=utf8mb3 COLLATE=utf8mb3_general_ci;
/*!40101 SET character_set_client = @saved_cs_client */;

--
-- Dumping data for table `course`
--

LOCK TABLES `course` WRITE;
/*!40000 ALTER TABLE `course` DISABLE KEYS */;
INSERT INTO `course` VALUES (1,'CS101','Intro to Programming',3,1),(2,'CS201','Data Structures',4,1),(3,'MATH101','Calculus I',4,2),(4,'ENG101','English Composition',3,3),(5,'HIST201','World History',3,4),(6,'PHY101','Physics I',4,5),(7,'CHEM101','General Chemistry',4,6),(8,'ECO101','Microeconomics',3,7),(9,'PSY101','Intro to Psychology',3,8),(10,'ART101','Art Appreciation',3,10),(11,'POL101','Intro to Political Science',3,11),(12,'BIO101','Intro to Biology',4,12),(13,'SOC101','Intro to Sociology',3,9),(14,'CS301','Algorithms',4,1),(15,'MATH201','Linear Algebra',4,2);
/*!40000 ALTER TABLE `course` ENABLE KEYS */;
UNLOCK TABLES;

--
-- Table structure for table `course_offering`
--

DROP TABLE IF EXISTS `course_offering`;
/*!40101 SET @saved_cs_client     = @@character_set_client */;
/*!50503 SET character_set_client = utf8mb4 */;
CREATE TABLE `course_offering` (
  `course_offering_id` int(11) NOT NULL AUTO_INCREMENT,
  `section_number` varchar(45) DEFAULT NULL,
  `course_id` int(11) NOT NULL,
  `semester_id1` int(11) NOT NULL,
  `room_id1` int(11) NOT NULL,
  `faculty_id` int(11) NOT NULL,
  PRIMARY KEY (`course_offering_id`),
  KEY `fk_course_offering_course1_idx` (`course_id`),
  KEY `fk_course_offering_semester1_idx` (`semester_id1`),
  KEY `fk_course_offering_room1_idx` (`room_id1`),
  KEY `fk_course_offering_faculty1_idx` (`faculty_id`),
  CONSTRAINT `fk_course_offering_course` FOREIGN KEY (`course_id`) REFERENCES `course` (`course_id`) ON UPDATE CASCADE,
  CONSTRAINT `fk_course_offering_faculty` FOREIGN KEY (`faculty_id`) REFERENCES `faculty` (`faculty_id`) ON UPDATE CASCADE,
  CONSTRAINT `fk_course_offering_room` FOREIGN KEY (`room_id1`) REFERENCES `room` (`room_id`) ON UPDATE CASCADE,
  CONSTRAINT `fk_course_offering_semester` FOREIGN KEY (`semester_id1`) REFERENCES `semester` (`semester_id`) ON UPDATE CASCADE
) ENGINE=InnoDB AUTO_INCREMENT=25 DEFAULT CHARSET=utf8mb3 COLLATE=utf8mb3_general_ci;
/*!40101 SET character_set_client = @saved_cs_client */;

--
-- Dumping data for table `course_offering`
--

LOCK TABLES `course_offering` WRITE;
/*!40000 ALTER TABLE `course_offering` DISABLE KEYS */;
INSERT INTO `course_offering` VALUES (1,'001',1,1,1,1),(2,'001',2,2,2,2),(3,'001',3,3,3,3),(4,'001',4,1,4,4),(5,'001',5,2,5,5),(6,'001',6,3,6,6),(7,'001',7,1,7,7),(8,'001',8,2,8,8),(9,'001',9,3,9,9),(10,'001',10,1,10,10),(11,'001',11,2,1,11),(12,'001',12,3,2,12),(13,'002',1,1,3,13),(14,'002',2,2,4,14),(15,'002',3,3,5,15),(16,'002',4,1,6,16),(17,'002',5,2,7,17),(18,'002',6,3,8,18),(19,'002',7,1,9,19),(20,'002',8,2,10,20),(21,'002',9,3,1,1),(22,'002',10,1,2,2),(23,'002',11,2,3,3),(24,'002',12,3,4,4);
/*!40000 ALTER TABLE `course_offering` ENABLE KEYS */;
UNLOCK TABLES;

--
-- Temporary view structure for view `course_offering_summary`
--

DROP TABLE IF EXISTS `course_offering_summary`;
/*!50001 DROP VIEW IF EXISTS `course_offering_summary`*/;
SET @saved_cs_client     = @@character_set_client;
/*!50503 SET character_set_client = utf8mb4 */;
/*!50001 CREATE VIEW `course_offering_summary` AS SELECT 
 1 AS `course_offering_id`,
 1 AS `course_code`,
 1 AS `course_title`,
 1 AS `semester_term`,
 1 AS `room_number`,
 1 AS `building`,
 1 AS `faculty_id`,
 1 AS `instructor_first_name`,
 1 AS `instructor_last_name`*/;
SET character_set_client = @saved_cs_client;

--
-- Temporary view structure for view `course_summary`
--

DROP TABLE IF EXISTS `course_summary`;
/*!50001 DROP VIEW IF EXISTS `course_summary`*/;
SET @saved_cs_client     = @@character_set_client;
/*!50503 SET character_set_client = utf8mb4 */;
/*!50001 CREATE VIEW `course_summary` AS SELECT 
 1 AS `course_id`,
 1 AS `course_code`,
 1 AS `course_title`,
 1 AS `credits`,
 1 AS `department_name`*/;
SET character_set_client = @saved_cs_client;

--
-- Table structure for table `department`
--

DROP TABLE IF EXISTS `department`;
/*!40101 SET @saved_cs_client     = @@character_set_client */;
/*!50503 SET character_set_client = utf8mb4 */;
CREATE TABLE `department` (
  `department_id` int(11) NOT NULL AUTO_INCREMENT,
  `department_name` varchar(255) NOT NULL,
  PRIMARY KEY (`department_id`),
  KEY `department_name_idx` (`department_name`)
) ENGINE=InnoDB AUTO_INCREMENT=13 DEFAULT CHARSET=utf8mb3 COLLATE=utf8mb3_general_ci;
/*!40101 SET character_set_client = @saved_cs_client */;

--
-- Dumping data for table `department`
--

LOCK TABLES `department` WRITE;
/*!40000 ALTER TABLE `department` DISABLE KEYS */;
INSERT INTO `department` VALUES (10,'Art'),(12,'Biology'),(6,'Chemistry'),(1,'Computer Science'),(7,'Economics'),(3,'English'),(4,'History'),(2,'Mathematics'),(5,'Physics'),(11,'Political Science'),(8,'Psychology'),(9,'Sociology');
/*!40000 ALTER TABLE `department` ENABLE KEYS */;
UNLOCK TABLES;

--
-- Table structure for table `enrollment`
--

DROP TABLE IF EXISTS `enrollment`;
/*!40101 SET @saved_cs_client     = @@character_set_client */;
/*!50503 SET character_set_client = utf8mb4 */;
CREATE TABLE `enrollment` (
  `enrollment_id` int(11) NOT NULL AUTO_INCREMENT,
  `enrollment_created` datetime DEFAULT current_timestamp(),
  `enrollment_modified` datetime DEFAULT current_timestamp() ON UPDATE current_timestamp(),
  `letter_grade_id` int(11) NOT NULL,
  `student_id` int(11) NOT NULL,
  `course_offering_id` int(11) NOT NULL,
  PRIMARY KEY (`enrollment_id`),
  KEY `fk_enrollment_letter_grade1_idx` (`letter_grade_id`),
  KEY `fk_enrollment_student1_idx` (`student_id`),
  KEY `fk_enrollment_course_offering1_idx` (`course_offering_id`),
  CONSTRAINT `fk_enrollment_course_offering` FOREIGN KEY (`course_offering_id`) REFERENCES `course_offering` (`course_offering_id`) ON UPDATE CASCADE,
  CONSTRAINT `fk_enrollment_letter_grade` FOREIGN KEY (`letter_grade_id`) REFERENCES `letter_grade` (`letter_grade_id`) ON UPDATE CASCADE,
  CONSTRAINT `fk_enrollment_student` FOREIGN KEY (`student_id`) REFERENCES `student` (`student_id`) ON UPDATE CASCADE
) ENGINE=InnoDB AUTO_INCREMENT=816 DEFAULT CHARSET=utf8mb3 COLLATE=utf8mb3_general_ci;
/*!40101 SET character_set_client = @saved_cs_client */;

--
-- Dumping data for table `enrollment`
--

LOCK TABLES `enrollment` WRITE;
/*!40000 ALTER TABLE `enrollment` DISABLE KEYS */;
INSERT INTO `enrollment` VALUES (1,'2025-11-13 17:55:53','2025-11-13 17:55:53',2,1,20),(2,'2025-11-13 17:55:53','2025-11-13 17:55:53',2,1,21),(3,'2025-11-13 17:55:53','2025-11-13 17:55:53',4,1,1),(4,'2025-11-13 17:55:53','2025-11-13 17:55:53',2,1,16),(5,'2025-11-13 17:55:53','2025-11-13 17:55:53',3,1,18),(6,'2025-11-13 17:55:53','2025-11-13 17:55:53',4,2,15),(7,'2025-11-13 17:55:53','2025-11-13 17:55:53',3,2,3),(8,'2025-11-13 17:55:53','2025-11-13 17:55:53',4,2,23),(9,'2025-11-13 17:55:53','2025-11-13 17:55:53',4,2,2),(10,'2025-11-13 17:55:53','2025-11-13 17:55:53',2,2,6),(11,'2025-11-13 17:55:53','2025-11-13 17:55:53',3,3,20),(12,'2025-11-13 17:55:53','2025-11-13 17:55:53',3,3,5),(13,'2025-11-13 17:55:53','2025-11-13 17:55:53',1,3,11),(14,'2025-11-13 17:55:53','2025-11-13 17:55:53',3,3,23),(15,'2025-11-13 17:55:53','2025-11-13 17:55:53',5,3,24),(16,'2025-11-13 17:55:53','2025-11-13 17:55:53',2,4,11),(17,'2025-11-13 17:55:53','2025-11-13 17:55:53',4,4,8),(18,'2025-11-13 17:55:53','2025-11-13 17:55:53',2,4,15),(19,'2025-11-13 17:55:53','2025-11-13 17:55:53',1,4,4),(20,'2025-11-13 17:55:53','2025-11-13 17:55:53',3,5,2),(21,'2025-11-13 17:55:53','2025-11-13 17:55:53',2,5,10),(22,'2025-11-13 17:55:53','2025-11-13 17:55:53',1,5,13),(23,'2025-11-13 17:55:53','2025-11-13 17:55:53',3,5,20),(24,'2025-11-13 17:55:53','2025-11-13 17:55:53',4,6,7),(25,'2025-11-13 17:55:53','2025-11-13 17:55:53',2,6,6),(26,'2025-11-13 17:55:53','2025-11-13 17:55:53',4,6,16),(27,'2025-11-13 17:55:53','2025-11-13 17:55:53',1,6,17),(28,'2025-11-13 17:55:53','2025-11-13 17:55:53',1,6,15),(29,'2025-11-13 17:55:53','2025-11-13 17:55:53',3,7,17),(30,'2025-11-13 17:55:53','2025-11-13 17:55:53',1,7,15),(31,'2025-11-13 17:55:53','2025-11-13 17:55:53',1,7,8),(32,'2025-11-13 17:55:53','2025-11-13 17:55:53',2,7,7),(33,'2025-11-13 17:55:53','2025-11-13 17:55:53',4,7,19),(34,'2025-11-13 17:55:53','2025-11-13 17:55:53',1,8,10),(35,'2025-11-13 17:55:53','2025-11-13 17:55:53',2,8,18),(36,'2025-11-13 17:55:53','2025-11-13 17:55:53',3,8,1),(37,'2025-11-13 17:55:53','2025-11-13 17:55:53',3,8,4),(38,'2025-11-13 17:55:53','2025-11-13 17:55:53',3,8,14),(39,'2025-11-13 17:55:53','2025-11-13 17:55:53',2,9,13),(40,'2025-11-13 17:55:53','2025-11-13 17:55:53',3,9,2),(41,'2025-11-13 17:55:53','2025-11-13 17:55:53',5,9,19),(42,'2025-11-13 17:55:53','2025-11-13 17:55:53',2,9,18),(43,'2025-11-13 17:55:53','2025-11-13 17:55:53',2,10,13),(44,'2025-11-13 17:55:53','2025-11-13 17:55:53',1,10,17),(45,'2025-11-13 17:55:53','2025-11-13 17:55:53',1,10,15),(46,'2025-11-13 17:55:53','2025-11-13 17:55:53',1,10,18),(47,'2025-11-13 17:55:53','2025-11-13 17:55:53',5,11,12),(48,'2025-11-13 17:55:53','2025-11-13 17:55:53',3,11,11),(49,'2025-11-13 17:55:53','2025-11-13 17:55:53',5,11,18),(50,'2025-11-13 17:55:53','2025-11-13 17:55:53',1,11,5),(51,'2025-11-13 17:55:53','2025-11-13 17:55:53',1,11,7),(52,'2025-11-13 17:55:53','2025-11-13 17:55:53',5,12,5),(53,'2025-11-13 17:55:53','2025-11-13 17:55:53',4,12,23),(54,'2025-11-13 17:55:53','2025-11-13 17:55:53',1,12,11),(55,'2025-11-13 17:55:53','2025-11-13 17:55:53',5,12,16),(56,'2025-11-13 17:55:53','2025-11-13 17:55:53',2,13,11),(57,'2025-11-13 17:55:53','2025-11-13 17:55:53',3,13,20),(58,'2025-11-13 17:55:53','2025-11-13 17:55:53',5,13,6),(59,'2025-11-13 17:55:53','2025-11-13 17:55:53',5,13,13),(60,'2025-11-13 17:55:53','2025-11-13 17:55:53',3,14,23),(61,'2025-11-13 17:55:53','2025-11-13 17:55:53',3,14,19),(62,'2025-11-13 17:55:53','2025-11-13 17:55:53',1,14,10),(63,'2025-11-13 17:55:53','2025-11-13 17:55:53',3,14,16),(64,'2025-11-13 17:55:53','2025-11-13 17:55:53',2,14,1),(65,'2025-11-13 17:55:53','2025-11-13 17:55:53',2,15,20),(66,'2025-11-13 17:55:53','2025-11-13 17:55:53',1,15,16),(67,'2025-11-13 17:55:53','2025-11-13 17:55:53',4,15,9),(68,'2025-11-13 17:55:53','2025-11-13 17:55:53',1,15,21),(69,'2025-11-13 17:55:53','2025-11-13 17:55:53',1,16,5),(70,'2025-11-13 17:55:53','2025-11-13 17:55:53',2,16,22),(71,'2025-11-13 17:55:53','2025-11-13 17:55:53',1,16,8),(72,'2025-11-13 17:55:53','2025-11-13 17:55:53',4,16,2),(73,'2025-11-13 17:55:53','2025-11-13 17:55:53',3,16,19),(74,'2025-11-13 17:55:53','2025-11-13 17:55:53',4,17,5),(75,'2025-11-13 17:55:53','2025-11-13 17:55:53',1,17,14),(76,'2025-11-13 17:55:53','2025-11-13 17:55:53',1,17,23),(77,'2025-11-13 17:55:53','2025-11-13 17:55:53',5,17,7),(78,'2025-11-13 17:55:53','2025-11-13 17:55:53',2,17,17),(79,'2025-11-13 17:55:53','2025-11-13 17:55:53',1,18,22),(80,'2025-11-13 17:55:53','2025-11-13 17:55:53',4,18,16),(81,'2025-11-13 17:55:53','2025-11-13 17:55:53',5,18,17),(82,'2025-11-13 17:55:53','2025-11-13 17:55:53',3,18,13),(83,'2025-11-13 17:55:53','2025-11-13 17:55:53',5,18,11),(84,'2025-11-13 17:55:53','2025-11-13 17:55:53',4,19,22),(85,'2025-11-13 17:55:53','2025-11-13 17:55:53',2,19,24),(86,'2025-11-13 17:55:53','2025-11-13 17:55:53',2,19,21),(87,'2025-11-13 17:55:53','2025-11-13 17:55:53',2,19,23),(88,'2025-11-13 17:55:53','2025-11-13 17:55:53',5,19,9),(89,'2025-11-13 17:55:53','2025-11-13 17:55:53',3,20,8),(90,'2025-11-13 17:55:53','2025-11-13 17:55:53',4,20,10),(91,'2025-11-13 17:55:53','2025-11-13 17:55:53',3,20,23),(92,'2025-11-13 17:55:53','2025-11-13 17:55:53',5,20,7),(93,'2025-11-13 17:55:53','2025-11-13 17:55:53',2,20,16),(94,'2025-11-13 17:55:53','2025-11-13 17:55:53',3,21,4),(95,'2025-11-13 17:55:53','2025-11-13 17:55:53',3,21,19),(96,'2025-11-13 17:55:53','2025-11-13 17:55:53',1,21,22),(97,'2025-11-13 17:55:53','2025-11-13 17:55:53',2,21,18),(98,'2025-11-13 17:55:53','2025-11-13 17:55:53',1,21,13),(99,'2025-11-13 17:55:53','2025-11-13 17:55:53',2,22,23),(100,'2025-11-13 17:55:53','2025-11-13 17:55:53',4,22,3),(101,'2025-11-13 17:55:53','2025-11-13 17:55:53',2,22,12),(102,'2025-11-13 17:55:53','2025-11-13 17:55:53',2,22,15),(103,'2025-11-13 17:55:53','2025-11-13 17:55:53',5,22,21),(104,'2025-11-13 17:55:53','2025-11-13 17:55:53',2,23,18),(105,'2025-11-13 17:55:53','2025-11-13 17:55:53',2,23,23),(106,'2025-11-13 17:55:53','2025-11-13 17:55:53',1,23,9),(107,'2025-11-13 17:55:53','2025-11-13 17:55:53',5,23,5),(108,'2025-11-13 17:55:53','2025-11-13 17:55:53',2,23,4),(109,'2025-11-13 17:55:53','2025-11-13 17:55:53',4,24,2),(110,'2025-11-13 17:55:53','2025-11-13 17:55:53',1,24,4),(111,'2025-11-13 17:55:53','2025-11-13 17:55:53',1,24,14),(112,'2025-11-13 17:55:53','2025-11-13 17:55:53',1,24,11),(113,'2025-11-13 17:55:53','2025-11-13 17:55:53',2,25,14),(114,'2025-11-13 17:55:53','2025-11-13 17:55:53',3,25,21),(115,'2025-11-13 17:55:53','2025-11-13 17:55:53',2,25,16),(116,'2025-11-13 17:55:53','2025-11-13 17:55:53',1,25,7),(117,'2025-11-13 17:55:53','2025-11-13 17:55:53',1,26,21),(118,'2025-11-13 17:55:53','2025-11-13 17:55:53',1,26,19),(119,'2025-11-13 17:55:53','2025-11-13 17:55:53',3,26,8),(120,'2025-11-13 17:55:53','2025-11-13 17:55:53',1,26,18),(121,'2025-11-13 17:55:53','2025-11-13 17:55:53',2,27,13),(122,'2025-11-13 17:55:53','2025-11-13 17:55:53',1,27,16),(123,'2025-11-13 17:55:53','2025-11-13 17:55:53',1,27,6),(124,'2025-11-13 17:55:53','2025-11-13 17:55:53',2,27,24),(125,'2025-11-13 17:55:53','2025-11-13 17:55:53',5,28,11),(126,'2025-11-13 17:55:53','2025-11-13 17:55:53',5,28,10),(127,'2025-11-13 17:55:53','2025-11-13 17:55:53',4,28,15),(128,'2025-11-13 17:55:53','2025-11-13 17:55:53',1,28,21),(129,'2025-11-13 17:55:53','2025-11-13 17:55:53',4,29,9),(130,'2025-11-13 17:55:53','2025-11-13 17:55:53',2,29,7),(131,'2025-11-13 17:55:53','2025-11-13 17:55:53',1,29,4),(132,'2025-11-13 17:55:53','2025-11-13 17:55:53',1,29,11),(133,'2025-11-13 17:55:53','2025-11-13 17:55:53',3,29,6),(134,'2025-11-13 17:55:53','2025-11-13 17:55:53',3,30,19),(135,'2025-11-13 17:55:53','2025-11-13 17:55:53',3,30,22),(136,'2025-11-13 17:55:53','2025-11-13 17:55:53',5,30,7),(137,'2025-11-13 17:55:53','2025-11-13 17:55:53',3,30,6),(138,'2025-11-13 17:55:53','2025-11-13 17:55:53',1,30,20),(139,'2025-11-13 17:55:53','2025-11-13 17:55:53',3,31,22),(140,'2025-11-13 17:55:53','2025-11-13 17:55:53',2,31,4),(141,'2025-11-13 17:55:53','2025-11-13 17:55:53',1,31,6),(142,'2025-11-13 17:55:53','2025-11-13 17:55:53',2,31,5),(143,'2025-11-13 17:55:53','2025-11-13 17:55:53',3,31,16),(144,'2025-11-13 17:55:53','2025-11-13 17:55:53',1,32,15),(145,'2025-11-13 17:55:53','2025-11-13 17:55:53',2,32,9),(146,'2025-11-13 17:55:53','2025-11-13 17:55:53',3,32,11),(147,'2025-11-13 17:55:53','2025-11-13 17:55:53',2,32,10),(148,'2025-11-13 17:55:53','2025-11-13 17:55:53',1,33,22),(149,'2025-11-13 17:55:53','2025-11-13 17:55:53',3,33,4),(150,'2025-11-13 17:55:53','2025-11-13 17:55:53',5,33,15),(151,'2025-11-13 17:55:53','2025-11-13 17:55:53',2,33,10),(152,'2025-11-13 17:55:53','2025-11-13 17:55:53',2,34,21),(153,'2025-11-13 17:55:53','2025-11-13 17:55:53',2,34,10),(154,'2025-11-13 17:55:53','2025-11-13 17:55:53',1,34,12),(155,'2025-11-13 17:55:53','2025-11-13 17:55:53',4,34,20),(156,'2025-11-13 17:55:53','2025-11-13 17:55:53',3,35,15),(157,'2025-11-13 17:55:53','2025-11-13 17:55:53',5,35,24),(158,'2025-11-13 17:55:53','2025-11-13 17:55:53',4,35,20),(159,'2025-11-13 17:55:53','2025-11-13 17:55:53',5,35,12),(160,'2025-11-13 17:55:53','2025-11-13 17:55:53',5,36,8),(161,'2025-11-13 17:55:53','2025-11-13 17:55:53',4,36,22),(162,'2025-11-13 17:55:53','2025-11-13 17:55:53',5,36,20),(163,'2025-11-13 17:55:53','2025-11-13 17:55:53',3,36,3),(164,'2025-11-13 17:55:53','2025-11-13 17:55:53',5,37,19),(165,'2025-11-13 17:55:53','2025-11-13 17:55:53',2,37,4),(166,'2025-11-13 17:55:53','2025-11-13 17:55:53',5,37,2),(167,'2025-11-13 17:55:53','2025-11-13 17:55:53',1,37,18),(168,'2025-11-13 17:55:53','2025-11-13 17:55:53',2,38,11),(169,'2025-11-13 17:55:53','2025-11-13 17:55:53',4,38,17),(170,'2025-11-13 17:55:53','2025-11-13 17:55:53',1,38,15),(171,'2025-11-13 17:55:53','2025-11-13 17:55:53',5,38,4),(172,'2025-11-13 17:55:53','2025-11-13 17:55:53',4,39,2),(173,'2025-11-13 17:55:53','2025-11-13 17:55:53',1,39,15),(174,'2025-11-13 17:55:53','2025-11-13 17:55:53',5,39,5),(175,'2025-11-13 17:55:53','2025-11-13 17:55:53',4,39,17),(176,'2025-11-13 17:55:53','2025-11-13 17:55:53',2,39,14),(177,'2025-11-13 17:55:53','2025-11-13 17:55:53',2,40,13),(178,'2025-11-13 17:55:53','2025-11-13 17:55:53',1,40,9),(179,'2025-11-13 17:55:53','2025-11-13 17:55:53',1,40,1),(180,'2025-11-13 17:55:53','2025-11-13 17:55:53',3,40,24),(181,'2025-11-13 17:55:53','2025-11-13 17:55:53',1,41,23),(182,'2025-11-13 17:55:53','2025-11-13 17:55:53',2,41,3),(183,'2025-11-13 17:55:53','2025-11-13 17:55:53',3,41,18),(184,'2025-11-13 17:55:53','2025-11-13 17:55:53',1,41,2),(185,'2025-11-13 17:55:53','2025-11-13 17:55:53',1,41,16),(186,'2025-11-13 17:55:53','2025-11-13 17:55:53',5,42,12),(187,'2025-11-13 17:55:53','2025-11-13 17:55:53',1,42,13),(188,'2025-11-13 17:55:53','2025-11-13 17:55:53',3,42,15),(189,'2025-11-13 17:55:53','2025-11-13 17:55:53',1,42,3),(190,'2025-11-13 17:55:53','2025-11-13 17:55:53',1,42,22),(191,'2025-11-13 17:55:53','2025-11-13 17:55:53',1,43,17),(192,'2025-11-13 17:55:53','2025-11-13 17:55:53',2,43,5),(193,'2025-11-13 17:55:53','2025-11-13 17:55:53',4,43,24),(194,'2025-11-13 17:55:53','2025-11-13 17:55:53',5,43,8),(195,'2025-11-13 17:55:53','2025-11-13 17:55:53',3,43,1),(196,'2025-11-13 17:55:53','2025-11-13 17:55:53',2,44,8),(197,'2025-11-13 17:55:53','2025-11-13 17:55:53',1,44,15),(198,'2025-11-13 17:55:53','2025-11-13 17:55:53',1,44,12),(199,'2025-11-13 17:55:53','2025-11-13 17:55:53',3,44,5),(200,'2025-11-13 17:55:53','2025-11-13 17:55:53',1,44,9),(201,'2025-11-13 17:55:53','2025-11-13 17:55:53',1,45,7),(202,'2025-11-13 17:55:53','2025-11-13 17:55:53',4,45,3),(203,'2025-11-13 17:55:53','2025-11-13 17:55:53',1,45,4),(204,'2025-11-13 17:55:53','2025-11-13 17:55:53',2,45,20),(205,'2025-11-13 17:55:53','2025-11-13 17:55:53',2,46,13),(206,'2025-11-13 17:55:53','2025-11-13 17:55:53',1,46,15),(207,'2025-11-13 17:55:53','2025-11-13 17:55:53',1,46,8),(208,'2025-11-13 17:55:53','2025-11-13 17:55:53',5,46,18),(209,'2025-11-13 17:55:53','2025-11-13 17:55:53',3,47,8),(210,'2025-11-13 17:55:53','2025-11-13 17:55:53',2,47,24),(211,'2025-11-13 17:55:53','2025-11-13 17:55:53',2,47,19),(212,'2025-11-13 17:55:53','2025-11-13 17:55:53',1,47,11),(213,'2025-11-13 17:55:53','2025-11-13 17:55:53',5,47,20),(214,'2025-11-13 17:55:53','2025-11-13 17:55:53',5,48,14),(215,'2025-11-13 17:55:53','2025-11-13 17:55:53',1,48,10),(216,'2025-11-13 17:55:53','2025-11-13 17:55:53',3,48,9),(217,'2025-11-13 17:55:53','2025-11-13 17:55:53',5,48,2),(218,'2025-11-13 17:55:53','2025-11-13 17:55:53',5,49,2),(219,'2025-11-13 17:55:53','2025-11-13 17:55:53',3,49,12),(220,'2025-11-13 17:55:53','2025-11-13 17:55:53',3,49,21),(221,'2025-11-13 17:55:53','2025-11-13 17:55:53',3,49,22),(222,'2025-11-13 17:55:53','2025-11-13 17:55:53',1,49,13),(223,'2025-11-13 17:55:53','2025-11-13 17:55:53',2,50,13),(224,'2025-11-13 17:55:53','2025-11-13 17:55:53',2,50,6),(225,'2025-11-13 17:55:53','2025-11-13 17:55:53',1,50,18),(226,'2025-11-13 17:55:53','2025-11-13 17:55:53',4,50,16),(227,'2025-11-13 17:55:53','2025-11-13 17:55:53',1,50,8),(228,'2025-11-13 17:55:53','2025-11-13 17:55:53',2,51,14),(229,'2025-11-13 17:55:53','2025-11-13 17:55:53',2,51,18),(230,'2025-11-13 17:55:53','2025-11-13 17:55:53',2,51,17),(231,'2025-11-13 17:55:53','2025-11-13 17:55:53',3,51,5),(232,'2025-11-13 17:55:53','2025-11-13 17:55:53',1,51,13),(233,'2025-11-13 17:55:53','2025-11-13 17:55:53',1,52,12),(234,'2025-11-13 17:55:53','2025-11-13 17:55:53',2,52,3),(235,'2025-11-13 17:55:53','2025-11-13 17:55:53',3,52,18),(236,'2025-11-13 17:55:53','2025-11-13 17:55:53',1,52,24),(237,'2025-11-13 17:55:53','2025-11-13 17:55:53',1,52,7),(238,'2025-11-13 17:55:53','2025-11-13 17:55:53',2,53,19),(239,'2025-11-13 17:55:53','2025-11-13 17:55:53',4,53,24),(240,'2025-11-13 17:55:53','2025-11-13 17:55:53',2,53,22),(241,'2025-11-13 17:55:53','2025-11-13 17:55:53',3,53,18),(242,'2025-11-13 17:55:53','2025-11-13 17:55:53',2,54,1),(243,'2025-11-13 17:55:53','2025-11-13 17:55:53',2,54,7),(244,'2025-11-13 17:55:53','2025-11-13 17:55:53',3,54,24),(245,'2025-11-13 17:55:53','2025-11-13 17:55:53',2,54,4),(246,'2025-11-13 17:55:53','2025-11-13 17:55:53',5,54,16),(247,'2025-11-13 17:55:53','2025-11-13 17:55:53',3,55,10),(248,'2025-11-13 17:55:53','2025-11-13 17:55:53',2,55,13),(249,'2025-11-13 17:55:53','2025-11-13 17:55:53',2,55,15),(250,'2025-11-13 17:55:53','2025-11-13 17:55:53',3,55,18),(251,'2025-11-13 17:55:53','2025-11-13 17:55:53',5,55,21),(252,'2025-11-13 17:55:53','2025-11-13 17:55:53',2,56,15),(253,'2025-11-13 17:55:53','2025-11-13 17:55:53',3,56,4),(254,'2025-11-13 17:55:53','2025-11-13 17:55:53',3,56,24),(255,'2025-11-13 17:55:53','2025-11-13 17:55:53',3,56,16),(256,'2025-11-13 17:55:53','2025-11-13 17:55:53',1,56,11),(257,'2025-11-13 17:55:53','2025-11-13 17:55:53',5,57,24),(258,'2025-11-13 17:55:53','2025-11-13 17:55:53',3,57,5),(259,'2025-11-13 17:55:53','2025-11-13 17:55:53',2,57,1),(260,'2025-11-13 17:55:53','2025-11-13 17:55:53',1,57,9),(261,'2025-11-13 17:55:53','2025-11-13 17:55:53',2,58,11),(262,'2025-11-13 17:55:53','2025-11-13 17:55:53',4,58,8),(263,'2025-11-13 17:55:53','2025-11-13 17:55:53',5,58,13),(264,'2025-11-13 17:55:53','2025-11-13 17:55:53',3,58,19),(265,'2025-11-13 17:55:53','2025-11-13 17:55:53',3,59,16),(266,'2025-11-13 17:55:53','2025-11-13 17:55:53',1,59,24),(267,'2025-11-13 17:55:53','2025-11-13 17:55:53',1,59,21),(268,'2025-11-13 17:55:53','2025-11-13 17:55:53',5,59,15),(269,'2025-11-13 17:55:53','2025-11-13 17:55:53',4,59,6),(270,'2025-11-13 17:55:53','2025-11-13 17:55:53',1,60,18),(271,'2025-11-13 17:55:53','2025-11-13 17:55:53',1,60,21),(272,'2025-11-13 17:55:53','2025-11-13 17:55:53',1,60,2),(273,'2025-11-13 17:55:53','2025-11-13 17:55:53',1,60,17),(274,'2025-11-13 17:55:53','2025-11-13 17:55:53',1,61,5),(275,'2025-11-13 17:55:53','2025-11-13 17:55:53',1,61,21),(276,'2025-11-13 17:55:53','2025-11-13 17:55:53',2,61,8),(277,'2025-11-13 17:55:53','2025-11-13 17:55:53',5,61,3),(278,'2025-11-13 17:55:53','2025-11-13 17:55:53',4,61,23),(279,'2025-11-13 17:55:53','2025-11-13 17:55:53',4,62,2),(280,'2025-11-13 17:55:53','2025-11-13 17:55:53',1,62,20),(281,'2025-11-13 17:55:53','2025-11-13 17:55:53',1,62,21),(282,'2025-11-13 17:55:53','2025-11-13 17:55:53',5,62,22),(283,'2025-11-13 17:55:53','2025-11-13 17:55:53',5,62,16),(284,'2025-11-13 17:55:53','2025-11-13 17:55:53',2,63,1),(285,'2025-11-13 17:55:53','2025-11-13 17:55:53',1,63,17),(286,'2025-11-13 17:55:53','2025-11-13 17:55:53',5,63,24),(287,'2025-11-13 17:55:53','2025-11-13 17:55:53',3,63,9),(288,'2025-11-13 17:55:53','2025-11-13 17:55:53',1,63,18),(289,'2025-11-13 17:55:53','2025-11-13 17:55:53',2,64,4),(290,'2025-11-13 17:55:53','2025-11-13 17:55:53',5,64,17),(291,'2025-11-13 17:55:53','2025-11-13 17:55:53',2,64,5),(292,'2025-11-13 17:55:53','2025-11-13 17:55:53',3,64,8),(293,'2025-11-13 17:55:53','2025-11-13 17:55:53',2,65,13),(294,'2025-11-13 17:55:53','2025-11-13 17:55:53',2,65,3),(295,'2025-11-13 17:55:53','2025-11-13 17:55:53',2,65,12),(296,'2025-11-13 17:55:53','2025-11-13 17:55:53',1,65,15),(297,'2025-11-13 17:55:53','2025-11-13 17:55:53',1,65,19),(298,'2025-11-13 17:55:53','2025-11-13 17:55:53',1,66,13),(299,'2025-11-13 17:55:53','2025-11-13 17:55:53',1,66,18),(300,'2025-11-13 17:55:53','2025-11-13 17:55:53',1,66,16),(301,'2025-11-13 17:55:53','2025-11-13 17:55:53',4,66,2),(302,'2025-11-13 17:55:53','2025-11-13 17:55:53',1,67,21),(303,'2025-11-13 17:55:53','2025-11-13 17:55:53',2,67,11),(304,'2025-11-13 17:55:53','2025-11-13 17:55:53',2,67,19),(305,'2025-11-13 17:55:53','2025-11-13 17:55:53',4,67,4),(306,'2025-11-13 17:55:53','2025-11-13 17:55:53',2,67,17),(307,'2025-11-13 17:55:53','2025-11-13 17:55:53',1,68,3),(308,'2025-11-13 17:55:53','2025-11-13 17:55:53',1,68,22),(309,'2025-11-13 17:55:53','2025-11-13 17:55:53',3,68,9),(310,'2025-11-13 17:55:53','2025-11-13 17:55:53',1,68,18),(311,'2025-11-13 17:55:53','2025-11-13 17:55:53',1,69,19),(312,'2025-11-13 17:55:53','2025-11-13 17:55:53',2,69,5),(313,'2025-11-13 17:55:53','2025-11-13 17:55:53',1,69,23),(314,'2025-11-13 17:55:53','2025-11-13 17:55:53',2,69,13),(315,'2025-11-13 17:55:53','2025-11-13 17:55:53',1,70,22),(316,'2025-11-13 17:55:53','2025-11-13 17:55:53',1,70,18),(317,'2025-11-13 17:55:53','2025-11-13 17:55:53',5,70,11),(318,'2025-11-13 17:55:53','2025-11-13 17:55:53',3,70,13),(319,'2025-11-13 17:55:53','2025-11-13 17:55:53',1,70,24),(320,'2025-11-13 17:55:53','2025-11-13 17:55:53',3,71,14),(321,'2025-11-13 17:55:53','2025-11-13 17:55:53',3,71,8),(322,'2025-11-13 17:55:53','2025-11-13 17:55:53',1,71,3),(323,'2025-11-13 17:55:53','2025-11-13 17:55:53',2,71,11),(324,'2025-11-13 17:55:53','2025-11-13 17:55:53',3,72,16),(325,'2025-11-13 17:55:53','2025-11-13 17:55:53',1,72,8),(326,'2025-11-13 17:55:53','2025-11-13 17:55:53',3,72,12),(327,'2025-11-13 17:55:53','2025-11-13 17:55:53',1,72,18),(328,'2025-11-13 17:55:53','2025-11-13 17:55:53',2,72,13),(329,'2025-11-13 17:55:53','2025-11-13 17:55:53',3,73,23),(330,'2025-11-13 17:55:53','2025-11-13 17:55:53',1,73,3),(331,'2025-11-13 17:55:53','2025-11-13 17:55:53',3,73,9),(332,'2025-11-13 17:55:53','2025-11-13 17:55:53',3,73,5),(333,'2025-11-13 17:55:53','2025-11-13 17:55:53',3,74,4),(334,'2025-11-13 17:55:53','2025-11-13 17:55:53',2,74,3),(335,'2025-11-13 17:55:53','2025-11-13 17:55:53',1,74,1),(336,'2025-11-13 17:55:53','2025-11-13 17:55:53',1,74,10),(337,'2025-11-13 17:55:53','2025-11-13 17:55:53',1,74,15),(338,'2025-11-13 17:55:53','2025-11-13 17:55:53',3,75,14),(339,'2025-11-13 17:55:53','2025-11-13 17:55:53',1,75,15),(340,'2025-11-13 17:55:53','2025-11-13 17:55:53',1,75,18),(341,'2025-11-13 17:55:53','2025-11-13 17:55:53',1,75,17),(342,'2025-11-13 17:55:53','2025-11-13 17:55:53',1,76,18),(343,'2025-11-13 17:55:53','2025-11-13 17:55:53',2,76,3),(344,'2025-11-13 17:55:53','2025-11-13 17:55:53',3,76,20),(345,'2025-11-13 17:55:53','2025-11-13 17:55:53',3,76,11),(346,'2025-11-13 17:55:53','2025-11-13 17:55:53',1,76,13),(347,'2025-11-13 17:55:53','2025-11-13 17:55:53',3,77,19),(348,'2025-11-13 17:55:53','2025-11-13 17:55:53',1,77,17),(349,'2025-11-13 17:55:53','2025-11-13 17:55:53',1,77,6),(350,'2025-11-13 17:55:53','2025-11-13 17:55:53',2,77,22),(351,'2025-11-13 17:55:53','2025-11-13 17:55:53',3,78,9),(352,'2025-11-13 17:55:53','2025-11-13 17:55:53',2,78,16),(353,'2025-11-13 17:55:53','2025-11-13 17:55:53',3,78,5),(354,'2025-11-13 17:55:53','2025-11-13 17:55:53',2,78,3),(355,'2025-11-13 17:55:53','2025-11-13 17:55:53',4,78,6),(356,'2025-11-13 17:55:53','2025-11-13 17:55:53',4,79,12),(357,'2025-11-13 17:55:53','2025-11-13 17:55:53',2,79,9),(358,'2025-11-13 17:55:53','2025-11-13 17:55:53',4,79,8),(359,'2025-11-13 17:55:53','2025-11-13 17:55:53',1,79,24),(360,'2025-11-13 17:55:53','2025-11-13 17:55:53',3,80,10),(361,'2025-11-13 17:55:53','2025-11-13 17:55:53',3,80,1),(362,'2025-11-13 17:55:53','2025-11-13 17:55:53',4,80,13),(363,'2025-11-13 17:55:53','2025-11-13 17:55:53',3,80,11),(364,'2025-11-13 17:55:53','2025-11-13 17:55:53',2,81,21),(365,'2025-11-13 17:55:53','2025-11-13 17:55:53',4,81,20),(366,'2025-11-13 17:55:53','2025-11-13 17:55:53',3,81,5),(367,'2025-11-13 17:55:53','2025-11-13 17:55:53',1,81,10),(368,'2025-11-13 17:55:53','2025-11-13 17:55:53',3,81,11),(369,'2025-11-13 17:55:53','2025-11-13 17:55:53',2,82,10),(370,'2025-11-13 17:55:53','2025-11-13 17:55:53',3,82,24),(371,'2025-11-13 17:55:53','2025-11-13 17:55:53',3,82,23),(372,'2025-11-13 17:55:53','2025-11-13 17:55:53',2,82,21),(373,'2025-11-13 17:55:53','2025-11-13 17:55:53',3,82,16),(374,'2025-11-13 17:55:53','2025-11-13 17:55:53',5,83,4),(375,'2025-11-13 17:55:53','2025-11-13 17:55:53',1,83,19),(376,'2025-11-13 17:55:53','2025-11-13 17:55:53',4,83,7),(377,'2025-11-13 17:55:53','2025-11-13 17:55:53',2,83,18),(378,'2025-11-13 17:55:53','2025-11-13 17:55:53',4,83,6),(379,'2025-11-13 17:55:53','2025-11-13 17:55:53',1,84,23),(380,'2025-11-13 17:55:53','2025-11-13 17:55:53',2,84,3),(381,'2025-11-13 17:55:53','2025-11-13 17:55:53',2,84,14),(382,'2025-11-13 17:55:53','2025-11-13 17:55:53',2,84,22),(383,'2025-11-13 17:55:53','2025-11-13 17:55:53',1,84,16),(384,'2025-11-13 17:55:53','2025-11-13 17:55:53',3,85,13),(385,'2025-11-13 17:55:53','2025-11-13 17:55:53',5,85,3),(386,'2025-11-13 17:55:53','2025-11-13 17:55:53',5,85,15),(387,'2025-11-13 17:55:53','2025-11-13 17:55:53',3,85,20),(388,'2025-11-13 17:55:53','2025-11-13 17:55:53',5,85,16),(389,'2025-11-13 17:55:53','2025-11-13 17:55:53',1,86,12),(390,'2025-11-13 17:55:53','2025-11-13 17:55:53',1,86,23),(391,'2025-11-13 17:55:53','2025-11-13 17:55:53',2,86,18),(392,'2025-11-13 17:55:53','2025-11-13 17:55:53',3,86,20),(393,'2025-11-13 17:55:53','2025-11-13 17:55:53',3,87,21),(394,'2025-11-13 17:55:53','2025-11-13 17:55:53',3,87,20),(395,'2025-11-13 17:55:53','2025-11-13 17:55:53',3,87,2),(396,'2025-11-13 17:55:53','2025-11-13 17:55:53',1,87,19),(397,'2025-11-13 17:55:53','2025-11-13 17:55:53',5,88,4),(398,'2025-11-13 17:55:53','2025-11-13 17:55:53',5,88,9),(399,'2025-11-13 17:55:53','2025-11-13 17:55:53',2,88,8),(400,'2025-11-13 17:55:53','2025-11-13 17:55:53',4,88,17),(401,'2025-11-13 17:55:53','2025-11-13 17:55:53',5,89,13),(402,'2025-11-13 17:55:53','2025-11-13 17:55:53',1,89,15),(403,'2025-11-13 17:55:53','2025-11-13 17:55:53',3,89,22),(404,'2025-11-13 17:55:53','2025-11-13 17:55:53',1,89,19),(405,'2025-11-13 17:55:53','2025-11-13 17:55:53',4,89,23),(406,'2025-11-13 17:55:53','2025-11-13 17:55:53',1,90,10),(407,'2025-11-13 17:55:53','2025-11-13 17:55:53',3,90,14),(408,'2025-11-13 17:55:53','2025-11-13 17:55:53',2,90,3),(409,'2025-11-13 17:55:53','2025-11-13 17:55:53',3,90,4),(410,'2025-11-13 17:55:53','2025-11-13 17:55:53',4,91,7),(411,'2025-11-13 17:55:53','2025-11-13 17:55:53',4,91,17),(412,'2025-11-13 17:55:53','2025-11-13 17:55:53',3,91,16),(413,'2025-11-13 17:55:53','2025-11-13 17:55:53',1,91,12),(414,'2025-11-13 17:55:53','2025-11-13 17:55:53',2,91,4),(415,'2025-11-13 17:55:53','2025-11-13 17:55:53',1,92,23),(416,'2025-11-13 17:55:53','2025-11-13 17:55:53',1,92,4),(417,'2025-11-13 17:55:53','2025-11-13 17:55:53',2,92,1),(418,'2025-11-13 17:55:53','2025-11-13 17:55:53',5,92,11),(419,'2025-11-13 17:55:53','2025-11-13 17:55:53',4,93,18),(420,'2025-11-13 17:55:53','2025-11-13 17:55:53',2,93,6),(421,'2025-11-13 17:55:53','2025-11-13 17:55:53',3,93,11),(422,'2025-11-13 17:55:53','2025-11-13 17:55:53',1,93,14),(423,'2025-11-13 17:55:53','2025-11-13 17:55:53',1,94,21),(424,'2025-11-13 17:55:53','2025-11-13 17:55:53',2,94,22),(425,'2025-11-13 17:55:53','2025-11-13 17:55:53',4,94,14),(426,'2025-11-13 17:55:53','2025-11-13 17:55:53',3,94,13),(427,'2025-11-13 17:55:53','2025-11-13 17:55:53',1,95,1),(428,'2025-11-13 17:55:53','2025-11-13 17:55:53',5,95,23),(429,'2025-11-13 17:55:53','2025-11-13 17:55:53',1,95,7),(430,'2025-11-13 17:55:53','2025-11-13 17:55:53',3,95,9),(431,'2025-11-13 17:55:53','2025-11-13 17:55:53',3,95,3),(432,'2025-11-13 17:55:53','2025-11-13 17:55:53',4,96,15),(433,'2025-11-13 17:55:53','2025-11-13 17:55:53',5,96,4),(434,'2025-11-13 17:55:53','2025-11-13 17:55:53',3,96,9),(435,'2025-11-13 17:55:53','2025-11-13 17:55:53',3,96,22),(436,'2025-11-13 17:55:53','2025-11-13 17:55:53',1,97,19),(437,'2025-11-13 17:55:53','2025-11-13 17:55:53',2,97,4),(438,'2025-11-13 17:55:53','2025-11-13 17:55:53',1,97,12),(439,'2025-11-13 17:55:53','2025-11-13 17:55:53',1,97,15),(440,'2025-11-13 17:55:53','2025-11-13 17:55:53',3,97,20),(441,'2025-11-13 17:55:53','2025-11-13 17:55:53',3,98,8),(442,'2025-11-13 17:55:53','2025-11-13 17:55:53',1,98,10),(443,'2025-11-13 17:55:53','2025-11-13 17:55:53',5,98,4),(444,'2025-11-13 17:55:53','2025-11-13 17:55:53',3,98,6),(445,'2025-11-13 17:55:53','2025-11-13 17:55:53',1,99,20),(446,'2025-11-13 17:55:53','2025-11-13 17:55:53',4,99,5),(447,'2025-11-13 17:55:53','2025-11-13 17:55:53',5,99,19),(448,'2025-11-13 17:55:53','2025-11-13 17:55:53',1,99,13),(449,'2025-11-13 17:55:53','2025-11-13 17:55:53',5,99,14),(450,'2025-11-13 17:55:53','2025-11-13 17:55:53',3,100,16),(451,'2025-11-13 17:55:53','2025-11-13 17:55:53',4,100,10),(452,'2025-11-13 17:55:53','2025-11-13 17:55:53',1,100,5),(453,'2025-11-13 17:55:53','2025-11-13 17:55:53',3,100,6),(454,'2025-11-13 17:55:53','2025-11-13 17:55:53',5,101,16),(455,'2025-11-13 17:55:53','2025-11-13 17:55:53',5,101,5),(456,'2025-11-13 17:55:53','2025-11-13 17:55:53',4,101,7),(457,'2025-11-13 17:55:53','2025-11-13 17:55:53',3,101,13),(458,'2025-11-13 17:55:53','2025-11-13 17:55:53',1,102,14),(459,'2025-11-13 17:55:53','2025-11-13 17:55:53',1,102,23),(460,'2025-11-13 17:55:53','2025-11-13 17:55:53',2,102,15),(461,'2025-11-13 17:55:53','2025-11-13 17:55:53',2,102,16),(462,'2025-11-13 17:55:53','2025-11-13 17:55:53',1,102,6),(463,'2025-11-13 17:55:53','2025-11-13 17:55:53',4,103,8),(464,'2025-11-13 17:55:53','2025-11-13 17:55:53',5,103,18),(465,'2025-11-13 17:55:53','2025-11-13 17:55:53',5,103,10),(466,'2025-11-13 17:55:53','2025-11-13 17:55:53',1,103,6),(467,'2025-11-13 17:55:53','2025-11-13 17:55:53',1,103,15),(468,'2025-11-13 17:55:53','2025-11-13 17:55:53',5,104,18),(469,'2025-11-13 17:55:53','2025-11-13 17:55:53',2,104,12),(470,'2025-11-13 17:55:53','2025-11-13 17:55:53',3,104,2),(471,'2025-11-13 17:55:53','2025-11-13 17:55:53',1,104,24),(472,'2025-11-13 17:55:53','2025-11-13 17:55:53',2,104,15),(473,'2025-11-13 17:55:53','2025-11-13 17:55:53',4,105,2),(474,'2025-11-13 17:55:53','2025-11-13 17:55:53',1,105,15),(475,'2025-11-13 17:55:53','2025-11-13 17:55:53',2,105,9),(476,'2025-11-13 17:55:53','2025-11-13 17:55:53',2,105,12),(477,'2025-11-13 17:55:53','2025-11-13 17:55:53',3,105,3),(478,'2025-11-13 17:55:53','2025-11-13 17:55:53',3,106,6),(479,'2025-11-13 17:55:53','2025-11-13 17:55:53',5,106,20),(480,'2025-11-13 17:55:53','2025-11-13 17:55:53',2,106,5),(481,'2025-11-13 17:55:53','2025-11-13 17:55:53',5,106,7),(482,'2025-11-13 17:55:53','2025-11-13 17:55:53',1,106,2),(483,'2025-11-13 17:55:53','2025-11-13 17:55:53',1,107,23),(484,'2025-11-13 17:55:53','2025-11-13 17:55:53',1,107,10),(485,'2025-11-13 17:55:53','2025-11-13 17:55:53',3,107,19),(486,'2025-11-13 17:55:53','2025-11-13 17:55:53',1,107,9),(487,'2025-11-13 17:55:53','2025-11-13 17:55:53',2,107,17),(488,'2025-11-13 17:55:53','2025-11-13 17:55:53',2,108,23),(489,'2025-11-13 17:55:53','2025-11-13 17:55:53',3,108,5),(490,'2025-11-13 17:55:53','2025-11-13 17:55:53',4,108,8),(491,'2025-11-13 17:55:53','2025-11-13 17:55:53',1,108,11),(492,'2025-11-13 17:55:53','2025-11-13 17:55:53',1,109,21),(493,'2025-11-13 17:55:53','2025-11-13 17:55:53',3,109,14),(494,'2025-11-13 17:55:53','2025-11-13 17:55:53',5,109,13),(495,'2025-11-13 17:55:53','2025-11-13 17:55:53',2,109,15),(496,'2025-11-13 17:55:53','2025-11-13 17:55:53',3,109,3),(497,'2025-11-13 17:55:53','2025-11-13 17:55:53',1,110,16),(498,'2025-11-13 17:55:53','2025-11-13 17:55:53',4,110,11),(499,'2025-11-13 17:55:53','2025-11-13 17:55:53',3,110,19),(500,'2025-11-13 17:55:53','2025-11-13 17:55:53',1,110,1),(501,'2025-11-13 17:55:53','2025-11-13 17:55:53',5,110,24),(502,'2025-11-13 17:55:53','2025-11-13 17:55:53',2,111,7),(503,'2025-11-13 17:55:53','2025-11-13 17:55:53',3,111,14),(504,'2025-11-13 17:55:53','2025-11-13 17:55:53',5,111,16),(505,'2025-11-13 17:55:53','2025-11-13 17:55:53',1,111,9),(506,'2025-11-13 17:55:53','2025-11-13 17:55:53',4,111,11),(507,'2025-11-13 17:55:53','2025-11-13 17:55:53',1,112,22),(508,'2025-11-13 17:55:53','2025-11-13 17:55:53',1,112,2),(509,'2025-11-13 17:55:53','2025-11-13 17:55:53',1,112,4),(510,'2025-11-13 17:55:53','2025-11-13 17:55:53',4,112,21),(511,'2025-11-13 17:55:53','2025-11-13 17:55:53',4,112,15),(512,'2025-11-13 17:55:53','2025-11-13 17:55:53',2,113,14),(513,'2025-11-13 17:55:53','2025-11-13 17:55:53',1,113,7),(514,'2025-11-13 17:55:53','2025-11-13 17:55:53',2,113,23),(515,'2025-11-13 17:55:53','2025-11-13 17:55:53',1,113,5),(516,'2025-11-13 17:55:53','2025-11-13 17:55:53',1,114,9),(517,'2025-11-13 17:55:53','2025-11-13 17:55:53',1,114,3),(518,'2025-11-13 17:55:53','2025-11-13 17:55:53',3,114,12),(519,'2025-11-13 17:55:53','2025-11-13 17:55:53',2,114,22),(520,'2025-11-13 17:55:53','2025-11-13 17:55:53',2,114,21),(521,'2025-11-13 17:55:53','2025-11-13 17:55:53',2,115,21),(522,'2025-11-13 17:55:53','2025-11-13 17:55:53',4,115,3),(523,'2025-11-13 17:55:53','2025-11-13 17:55:53',1,115,23),(524,'2025-11-13 17:55:53','2025-11-13 17:55:53',1,115,4),(525,'2025-11-13 17:55:53','2025-11-13 17:55:53',2,115,1),(526,'2025-11-13 17:55:53','2025-11-13 17:55:53',1,116,1),(527,'2025-11-13 17:55:53','2025-11-13 17:55:53',4,116,23),(528,'2025-11-13 17:55:53','2025-11-13 17:55:53',1,116,11),(529,'2025-11-13 17:55:53','2025-11-13 17:55:53',2,116,4),(530,'2025-11-13 17:55:53','2025-11-13 17:55:53',3,116,14),(531,'2025-11-13 17:55:53','2025-11-13 17:55:53',2,117,24),(532,'2025-11-13 17:55:53','2025-11-13 17:55:53',1,117,4),(533,'2025-11-13 17:55:53','2025-11-13 17:55:53',3,117,11),(534,'2025-11-13 17:55:53','2025-11-13 17:55:53',1,117,12),(535,'2025-11-13 17:55:53','2025-11-13 17:55:53',1,118,3),(536,'2025-11-13 17:55:53','2025-11-13 17:55:53',4,118,17),(537,'2025-11-13 17:55:53','2025-11-13 17:55:53',3,118,19),(538,'2025-11-13 17:55:53','2025-11-13 17:55:53',2,118,1),(539,'2025-11-13 17:55:53','2025-11-13 17:55:53',2,119,14),(540,'2025-11-13 17:55:53','2025-11-13 17:55:53',1,119,20),(541,'2025-11-13 17:55:53','2025-11-13 17:55:53',1,119,22),(542,'2025-11-13 17:55:53','2025-11-13 17:55:53',1,119,15),(543,'2025-11-13 17:55:53','2025-11-13 17:55:53',3,120,19),(544,'2025-11-13 17:55:53','2025-11-13 17:55:53',3,120,24),(545,'2025-11-13 17:55:53','2025-11-13 17:55:53',1,120,13),(546,'2025-11-13 17:55:53','2025-11-13 17:55:53',2,120,12),(547,'2025-11-13 17:55:53','2025-11-13 17:55:53',2,121,21),(548,'2025-11-13 17:55:53','2025-11-13 17:55:53',1,121,3),(549,'2025-11-13 17:55:53','2025-11-13 17:55:53',2,121,8),(550,'2025-11-13 17:55:53','2025-11-13 17:55:53',2,121,18),(551,'2025-11-13 17:55:53','2025-11-13 17:55:53',5,121,20),(552,'2025-11-13 17:55:53','2025-11-13 17:55:53',1,122,24),(553,'2025-11-13 17:55:53','2025-11-13 17:55:53',2,122,13),(554,'2025-11-13 17:55:53','2025-11-13 17:55:53',4,122,10),(555,'2025-11-13 17:55:53','2025-11-13 17:55:53',3,122,21),(556,'2025-11-13 17:55:53','2025-11-13 17:55:53',1,123,8),(557,'2025-11-13 17:55:53','2025-11-13 17:55:53',5,123,16),(558,'2025-11-13 17:55:53','2025-11-13 17:55:53',1,123,21),(559,'2025-11-13 17:55:53','2025-11-13 17:55:53',3,123,20),(560,'2025-11-13 17:55:53','2025-11-13 17:55:53',5,124,5),(561,'2025-11-13 17:55:53','2025-11-13 17:55:53',1,124,13),(562,'2025-11-13 17:55:53','2025-11-13 17:55:53',4,124,19),(563,'2025-11-13 17:55:53','2025-11-13 17:55:53',1,124,14),(564,'2025-11-13 17:55:53','2025-11-13 17:55:53',1,124,12),(565,'2025-11-13 17:55:53','2025-11-13 17:55:53',1,125,1),(566,'2025-11-13 17:55:53','2025-11-13 17:55:53',3,125,9),(567,'2025-11-13 17:55:53','2025-11-13 17:55:53',5,125,7),(568,'2025-11-13 17:55:53','2025-11-13 17:55:53',2,125,2),(569,'2025-11-13 17:55:53','2025-11-13 17:55:53',5,126,14),(570,'2025-11-13 17:55:53','2025-11-13 17:55:53',5,126,23),(571,'2025-11-13 17:55:53','2025-11-13 17:55:53',1,126,13),(572,'2025-11-13 17:55:53','2025-11-13 17:55:53',2,126,3),(573,'2025-11-13 17:55:53','2025-11-13 17:55:53',1,126,21),(574,'2025-11-13 17:55:53','2025-11-13 17:55:53',3,127,3),(575,'2025-11-13 17:55:53','2025-11-13 17:55:53',3,127,17),(576,'2025-11-13 17:55:53','2025-11-13 17:55:53',1,127,7),(577,'2025-11-13 17:55:53','2025-11-13 17:55:53',2,127,5),(578,'2025-11-13 17:55:53','2025-11-13 17:55:53',3,127,18),(579,'2025-11-13 17:55:53','2025-11-13 17:55:53',1,128,2),(580,'2025-11-13 17:55:53','2025-11-13 17:55:53',4,128,8),(581,'2025-11-13 17:55:53','2025-11-13 17:55:53',1,128,3),(582,'2025-11-13 17:55:53','2025-11-13 17:55:53',2,128,14),(583,'2025-11-13 17:55:53','2025-11-13 17:55:53',1,129,4),(584,'2025-11-13 17:55:53','2025-11-13 17:55:53',1,129,1),(585,'2025-11-13 17:55:53','2025-11-13 17:55:53',4,129,23),(586,'2025-11-13 17:55:53','2025-11-13 17:55:53',3,129,5),(587,'2025-11-13 17:55:53','2025-11-13 17:55:53',1,130,6),(588,'2025-11-13 17:55:53','2025-11-13 17:55:53',1,130,12),(589,'2025-11-13 17:55:53','2025-11-13 17:55:53',3,130,5),(590,'2025-11-13 17:55:53','2025-11-13 17:55:53',3,130,24),(591,'2025-11-13 17:55:53','2025-11-13 17:55:53',2,130,9),(592,'2025-11-13 17:55:53','2025-11-13 17:55:53',1,131,9),(593,'2025-11-13 17:55:53','2025-11-13 17:55:53',4,131,23),(594,'2025-11-13 17:55:53','2025-11-13 17:55:53',4,131,19),(595,'2025-11-13 17:55:53','2025-11-13 17:55:53',5,131,21),(596,'2025-11-13 17:55:53','2025-11-13 17:55:53',1,132,2),(597,'2025-11-13 17:55:53','2025-11-13 17:55:53',2,132,16),(598,'2025-11-13 17:55:53','2025-11-13 17:55:53',1,132,19),(599,'2025-11-13 17:55:53','2025-11-13 17:55:53',1,132,6),(600,'2025-11-13 17:55:53','2025-11-13 17:55:53',2,132,12),(601,'2025-11-13 17:55:53','2025-11-13 17:55:53',3,133,2),(602,'2025-11-13 17:55:53','2025-11-13 17:55:53',3,133,1),(603,'2025-11-13 17:55:53','2025-11-13 17:55:53',1,133,8),(604,'2025-11-13 17:55:53','2025-11-13 17:55:53',1,133,16),(605,'2025-11-13 17:55:53','2025-11-13 17:55:53',3,134,18),(606,'2025-11-13 17:55:53','2025-11-13 17:55:53',2,134,23),(607,'2025-11-13 17:55:53','2025-11-13 17:55:53',3,134,24),(608,'2025-11-13 17:55:53','2025-11-13 17:55:53',2,134,21),(609,'2025-11-13 17:55:53','2025-11-13 17:55:53',3,135,24),(610,'2025-11-13 17:55:53','2025-11-13 17:55:53',1,135,11),(611,'2025-11-13 17:55:53','2025-11-13 17:55:53',5,135,9),(612,'2025-11-13 17:55:53','2025-11-13 17:55:53',1,135,3),(613,'2025-11-13 17:55:53','2025-11-13 17:55:53',1,135,19),(614,'2025-11-13 17:55:53','2025-11-13 17:55:53',4,136,17),(615,'2025-11-13 17:55:53','2025-11-13 17:55:53',2,136,2),(616,'2025-11-13 17:55:53','2025-11-13 17:55:53',2,136,13),(617,'2025-11-13 17:55:53','2025-11-13 17:55:53',3,136,3),(618,'2025-11-13 17:55:53','2025-11-13 17:55:53',2,137,18),(619,'2025-11-13 17:55:53','2025-11-13 17:55:53',2,137,15),(620,'2025-11-13 17:55:53','2025-11-13 17:55:53',2,137,1),(621,'2025-11-13 17:55:53','2025-11-13 17:55:53',2,137,12),(622,'2025-11-13 17:55:53','2025-11-13 17:55:53',5,138,12),(623,'2025-11-13 17:55:53','2025-11-13 17:55:53',2,138,19),(624,'2025-11-13 17:55:53','2025-11-13 17:55:53',1,138,16),(625,'2025-11-13 17:55:53','2025-11-13 17:55:53',1,138,7),(626,'2025-11-13 17:55:53','2025-11-13 17:55:53',3,138,24),(627,'2025-11-13 17:55:53','2025-11-13 17:55:53',1,139,8),(628,'2025-11-13 17:55:53','2025-11-13 17:55:53',3,139,18),(629,'2025-11-13 17:55:53','2025-11-13 17:55:53',1,139,12),(630,'2025-11-13 17:55:53','2025-11-13 17:55:53',3,139,21),(631,'2025-11-13 17:55:53','2025-11-13 17:55:53',4,140,4),(632,'2025-11-13 17:55:53','2025-11-13 17:55:53',1,140,7),(633,'2025-11-13 17:55:53','2025-11-13 17:55:53',1,140,17),(634,'2025-11-13 17:55:53','2025-11-13 17:55:53',2,140,8),(635,'2025-11-13 17:55:53','2025-11-13 17:55:53',1,140,14),(636,'2025-11-13 17:55:53','2025-11-13 17:55:53',3,141,8),(637,'2025-11-13 17:55:53','2025-11-13 17:55:53',4,141,17),(638,'2025-11-13 17:55:53','2025-11-13 17:55:53',1,141,14),(639,'2025-11-13 17:55:53','2025-11-13 17:55:53',1,141,23),(640,'2025-11-13 17:55:53','2025-11-13 17:55:53',1,142,21),(641,'2025-11-13 17:55:53','2025-11-13 17:55:53',3,142,13),(642,'2025-11-13 17:55:53','2025-11-13 17:55:53',1,142,3),(643,'2025-11-13 17:55:53','2025-11-13 17:55:53',2,142,19),(644,'2025-11-13 17:55:53','2025-11-13 17:55:53',3,143,9),(645,'2025-11-13 17:55:53','2025-11-13 17:55:53',3,143,11),(646,'2025-11-13 17:55:53','2025-11-13 17:55:53',4,143,13),(647,'2025-11-13 17:55:53','2025-11-13 17:55:53',2,143,23),(648,'2025-11-13 17:55:53','2025-11-13 17:55:53',2,143,24),(649,'2025-11-13 17:55:53','2025-11-13 17:55:53',1,144,7),(650,'2025-11-13 17:55:53','2025-11-13 17:55:53',1,144,5),(651,'2025-11-13 17:55:53','2025-11-13 17:55:53',1,144,19),(652,'2025-11-13 17:55:53','2025-11-13 17:55:53',4,144,4),(653,'2025-11-13 17:55:53','2025-11-13 17:55:53',2,145,11),(654,'2025-11-13 17:55:53','2025-11-13 17:55:53',4,145,14),(655,'2025-11-13 17:55:53','2025-11-13 17:55:53',2,145,4),(656,'2025-11-13 17:55:53','2025-11-13 17:55:53',4,145,18),(657,'2025-11-13 17:55:53','2025-11-13 17:55:53',2,145,12),(658,'2025-11-13 17:55:53','2025-11-13 17:55:53',1,146,3),(659,'2025-11-13 17:55:53','2025-11-13 17:55:53',2,146,6),(660,'2025-11-13 17:55:53','2025-11-13 17:55:53',3,146,22),(661,'2025-11-13 17:55:53','2025-11-13 17:55:53',1,146,10),(662,'2025-11-13 17:55:53','2025-11-13 17:55:53',5,147,23),(663,'2025-11-13 17:55:53','2025-11-13 17:55:53',1,147,8),(664,'2025-11-13 17:55:53','2025-11-13 17:55:53',2,147,12),(665,'2025-11-13 17:55:53','2025-11-13 17:55:53',2,147,13),(666,'2025-11-13 17:55:53','2025-11-13 17:55:53',5,148,1),(667,'2025-11-13 17:55:53','2025-11-13 17:55:53',2,148,13),(668,'2025-11-13 17:55:53','2025-11-13 17:55:53',1,148,15),(669,'2025-11-13 17:55:53','2025-11-13 17:55:53',4,148,18),(670,'2025-11-13 17:55:53','2025-11-13 17:55:53',2,149,5),(671,'2025-11-13 17:55:53','2025-11-13 17:55:53',1,149,4),(672,'2025-11-13 17:55:53','2025-11-13 17:55:53',2,149,1),(673,'2025-11-13 17:55:53','2025-11-13 17:55:53',3,149,2),(674,'2025-11-13 17:55:53','2025-11-13 17:55:53',1,150,22),(675,'2025-11-13 17:55:53','2025-11-13 17:55:53',1,150,21),(676,'2025-11-13 17:55:53','2025-11-13 17:55:53',1,150,3),(677,'2025-11-13 17:55:53','2025-11-13 17:55:53',2,150,19),(678,'2025-11-13 17:55:53','2025-11-13 17:55:53',4,150,9),(679,'2025-11-13 17:55:53','2025-11-13 17:55:53',4,151,3),(680,'2025-11-13 17:55:53','2025-11-13 17:55:53',1,151,11),(681,'2025-11-13 17:55:53','2025-11-13 17:55:53',1,151,4),(682,'2025-11-13 17:55:53','2025-11-13 17:55:53',3,151,2),(683,'2025-11-13 17:55:53','2025-11-13 17:55:53',1,152,16),(684,'2025-11-13 17:55:53','2025-11-13 17:55:53',3,152,1),(685,'2025-11-13 17:55:53','2025-11-13 17:55:53',2,152,13),(686,'2025-11-13 17:55:53','2025-11-13 17:55:53',1,152,22),(687,'2025-11-13 17:55:53','2025-11-13 17:55:53',2,152,14),(688,'2025-11-13 17:55:53','2025-11-13 17:55:53',2,153,15),(689,'2025-11-13 17:55:53','2025-11-13 17:55:53',4,153,5),(690,'2025-11-13 17:55:53','2025-11-13 17:55:53',3,153,2),(691,'2025-11-13 17:55:53','2025-11-13 17:55:53',5,153,20),(692,'2025-11-13 17:55:53','2025-11-13 17:55:53',4,153,8),(693,'2025-11-13 17:55:53','2025-11-13 17:55:53',3,154,3),(694,'2025-11-13 17:55:53','2025-11-13 17:55:53',2,154,9),(695,'2025-11-13 17:55:53','2025-11-13 17:55:53',5,154,13),(696,'2025-11-13 17:55:53','2025-11-13 17:55:53',2,154,5),(697,'2025-11-13 17:55:53','2025-11-13 17:55:53',5,155,13),(698,'2025-11-13 17:55:53','2025-11-13 17:55:53',4,155,23),(699,'2025-11-13 17:55:53','2025-11-13 17:55:53',3,155,12),(700,'2025-11-13 17:55:53','2025-11-13 17:55:53',5,155,16),(701,'2025-11-13 17:55:53','2025-11-13 17:55:53',2,156,13),(702,'2025-11-13 17:55:53','2025-11-13 17:55:53',1,156,9),(703,'2025-11-13 17:55:53','2025-11-13 17:55:53',2,156,6),(704,'2025-11-13 17:55:53','2025-11-13 17:55:53',1,156,1),(705,'2025-11-13 17:55:53','2025-11-13 17:55:53',4,156,11),(706,'2025-11-13 17:55:53','2025-11-13 17:55:53',2,157,19),(707,'2025-11-13 17:55:53','2025-11-13 17:55:53',2,157,8),(708,'2025-11-13 17:55:53','2025-11-13 17:55:53',5,157,6),(709,'2025-11-13 17:55:53','2025-11-13 17:55:53',1,157,4),(710,'2025-11-13 17:55:53','2025-11-13 17:55:53',2,157,22),(711,'2025-11-13 17:55:53','2025-11-13 17:55:53',3,158,12),(712,'2025-11-13 17:55:53','2025-11-13 17:55:53',1,158,6),(713,'2025-11-13 17:55:53','2025-11-13 17:55:53',3,158,8),(714,'2025-11-13 17:55:53','2025-11-13 17:55:53',1,158,19),(715,'2025-11-13 17:55:53','2025-11-13 17:55:53',2,158,11),(716,'2025-11-13 17:55:53','2025-11-13 17:55:53',1,159,18),(717,'2025-11-13 17:55:53','2025-11-13 17:55:53',1,159,10),(718,'2025-11-13 17:55:53','2025-11-13 17:55:53',2,159,6),(719,'2025-11-13 17:55:53','2025-11-13 17:55:53',2,159,16),(720,'2025-11-13 17:55:53','2025-11-13 17:55:53',1,159,2),(721,'2025-11-13 17:55:53','2025-11-13 17:55:53',3,160,1),(722,'2025-11-13 17:55:53','2025-11-13 17:55:53',1,160,11),(723,'2025-11-13 17:55:53','2025-11-13 17:55:53',3,160,20),(724,'2025-11-13 17:55:53','2025-11-13 17:55:53',1,160,7),(725,'2025-11-13 17:55:53','2025-11-13 17:55:53',1,160,5),(726,'2025-11-13 17:55:53','2025-11-13 17:55:53',5,161,19),(727,'2025-11-13 17:55:53','2025-11-13 17:55:53',3,161,23),(728,'2025-11-13 17:55:53','2025-11-13 17:55:53',1,161,5),(729,'2025-11-13 17:55:53','2025-11-13 17:55:53',3,161,4),(730,'2025-11-13 17:55:53','2025-11-13 17:55:53',1,162,19),(731,'2025-11-13 17:55:53','2025-11-13 17:55:53',3,162,4),(732,'2025-11-13 17:55:53','2025-11-13 17:55:53',4,162,11),(733,'2025-11-13 17:55:53','2025-11-13 17:55:53',3,162,10),(734,'2025-11-13 17:55:53','2025-11-13 17:55:53',1,162,5),(735,'2025-11-13 17:55:53','2025-11-13 17:55:53',2,163,8),(736,'2025-11-13 17:55:53','2025-11-13 17:55:53',2,163,22),(737,'2025-11-13 17:55:53','2025-11-13 17:55:53',1,163,19),(738,'2025-11-13 17:55:53','2025-11-13 17:55:53',1,163,6),(739,'2025-11-13 17:55:53','2025-11-13 17:55:53',1,163,13),(740,'2025-11-13 17:55:53','2025-11-13 17:55:53',2,164,19),(741,'2025-11-13 17:55:53','2025-11-13 17:55:53',1,164,2),(742,'2025-11-13 17:55:53','2025-11-13 17:55:53',4,164,6),(743,'2025-11-13 17:55:53','2025-11-13 17:55:53',1,164,20),(744,'2025-11-13 17:55:53','2025-11-13 17:55:53',3,164,11),(745,'2025-11-13 17:55:53','2025-11-13 17:55:53',1,165,8),(746,'2025-11-13 17:55:53','2025-11-13 17:55:53',3,165,12),(747,'2025-11-13 17:55:53','2025-11-13 17:55:53',4,165,11),(748,'2025-11-13 17:55:53','2025-11-13 17:55:53',1,165,6),(749,'2025-11-13 17:55:53','2025-11-13 17:55:53',2,166,7),(750,'2025-11-13 17:55:53','2025-11-13 17:55:53',1,166,8),(751,'2025-11-13 17:55:53','2025-11-13 17:55:53',1,166,23),(752,'2025-11-13 17:55:53','2025-11-13 17:55:53',1,166,3),(753,'2025-11-13 17:55:53','2025-11-13 17:55:53',3,166,12),(754,'2025-11-13 17:55:53','2025-11-13 17:55:53',3,167,24),(755,'2025-11-13 17:55:53','2025-11-13 17:55:53',5,167,14),(756,'2025-11-13 17:55:53','2025-11-13 17:55:53',3,167,6),(757,'2025-11-13 17:55:53','2025-11-13 17:55:53',1,167,16),(758,'2025-11-13 17:55:53','2025-11-13 17:55:53',4,167,13),(759,'2025-11-13 17:55:53','2025-11-13 17:55:53',2,168,6),(760,'2025-11-13 17:55:53','2025-11-13 17:55:53',1,168,15),(761,'2025-11-13 17:55:53','2025-11-13 17:55:53',3,168,3),(762,'2025-11-13 17:55:53','2025-11-13 17:55:53',2,168,2),(763,'2025-11-13 17:55:53','2025-11-13 17:55:53',1,169,3),(764,'2025-11-13 17:55:53','2025-11-13 17:55:53',1,169,11),(765,'2025-11-13 17:55:53','2025-11-13 17:55:53',5,169,6),(766,'2025-11-13 17:55:53','2025-11-13 17:55:53',1,169,13),(767,'2025-11-13 17:55:53','2025-11-13 17:55:53',1,170,20),(768,'2025-11-13 17:55:53','2025-11-13 17:55:53',3,170,16),(769,'2025-11-13 17:55:53','2025-11-13 17:55:53',1,170,23),(770,'2025-11-13 17:55:53','2025-11-13 17:55:53',1,170,1),(771,'2025-11-13 17:55:53','2025-11-13 17:55:53',1,170,14),(772,'2025-11-13 17:55:53','2025-11-13 17:55:53',5,171,7),(773,'2025-11-13 17:55:53','2025-11-13 17:55:53',2,171,14),(774,'2025-11-13 17:55:53','2025-11-13 17:55:53',2,171,23),(775,'2025-11-13 17:55:53','2025-11-13 17:55:53',2,171,18),(776,'2025-11-13 17:55:53','2025-11-13 17:55:53',2,171,24),(777,'2025-11-13 17:55:53','2025-11-13 17:55:53',4,172,2),(778,'2025-11-13 17:55:53','2025-11-13 17:55:53',1,172,13),(779,'2025-11-13 17:55:53','2025-11-13 17:55:53',1,172,19),(780,'2025-11-13 17:55:53','2025-11-13 17:55:53',3,172,18),(781,'2025-11-13 17:55:53','2025-11-13 17:55:53',4,173,14),(782,'2025-11-13 17:55:53','2025-11-13 17:55:53',2,173,3),(783,'2025-11-13 17:55:53','2025-11-13 17:55:53',1,173,10),(784,'2025-11-13 17:55:53','2025-11-13 17:55:53',1,173,22),(785,'2025-11-13 17:55:53','2025-11-13 17:55:53',4,174,6),(786,'2025-11-13 17:55:53','2025-11-13 17:55:53',1,174,21),(787,'2025-11-13 17:55:53','2025-11-13 17:55:53',2,174,10),(788,'2025-11-13 17:55:53','2025-11-13 17:55:53',3,174,3),(789,'2025-11-13 17:55:53','2025-11-13 17:55:53',5,175,16),(790,'2025-11-13 17:55:53','2025-11-13 17:55:53',3,175,22),(791,'2025-11-13 17:55:53','2025-11-13 17:55:53',1,175,9),(792,'2025-11-13 17:55:53','2025-11-13 17:55:53',3,175,3),(793,'2025-11-13 17:55:53','2025-11-13 17:55:53',3,175,21),(794,'2025-11-13 17:55:53','2025-11-13 17:55:53',2,176,6),(795,'2025-11-13 17:55:53','2025-11-13 17:55:53',1,176,15),(796,'2025-11-13 17:55:53','2025-11-13 17:55:53',1,176,2),(797,'2025-11-13 17:55:53','2025-11-13 17:55:53',1,176,9),(798,'2025-11-13 17:55:53','2025-11-13 17:55:53',1,176,8),(799,'2025-11-13 17:55:53','2025-11-13 17:55:53',3,177,18),(800,'2025-11-13 17:55:53','2025-11-13 17:55:53',5,177,14),(801,'2025-11-13 17:55:53','2025-11-13 17:55:53',3,177,19),(802,'2025-11-13 17:55:53','2025-11-13 17:55:53',5,177,8),(803,'2025-11-13 17:55:53','2025-11-13 17:55:53',4,177,2),(804,'2025-11-13 17:55:53','2025-11-13 17:55:53',1,178,16),(805,'2025-11-13 17:55:53','2025-11-13 17:55:53',5,178,10),(806,'2025-11-13 17:55:53','2025-11-13 17:55:53',5,178,3),(807,'2025-11-13 17:55:53','2025-11-13 17:55:53',1,178,13),(808,'2025-11-13 17:55:53','2025-11-13 17:55:53',1,179,15),(809,'2025-11-13 17:55:53','2025-11-13 17:55:53',3,179,6),(810,'2025-11-13 17:55:53','2025-11-13 17:55:53',1,179,7),(811,'2025-11-13 17:55:53','2025-11-13 17:55:53',3,179,5),(812,'2025-11-13 17:55:53','2025-11-13 17:55:53',3,180,21),(813,'2025-11-13 17:55:53','2025-11-13 17:55:53',1,180,5),(814,'2025-11-13 17:55:53','2025-11-13 17:55:53',1,180,20),(815,'2025-11-13 17:55:53','2025-11-13 17:55:53',3,180,9);
/*!40000 ALTER TABLE `enrollment` ENABLE KEYS */;
UNLOCK TABLES;

--
-- Temporary view structure for view `enrollment_summary`
--

DROP TABLE IF EXISTS `enrollment_summary`;
/*!50001 DROP VIEW IF EXISTS `enrollment_summary`*/;
SET @saved_cs_client     = @@character_set_client;
/*!50503 SET character_set_client = utf8mb4 */;
/*!50001 CREATE VIEW `enrollment_summary` AS SELECT 
 1 AS `enrollment_id`,
 1 AS `student_first_name`,
 1 AS `student_last_name`,
 1 AS `course_code`,
 1 AS `course_title`,
 1 AS `grade_symbol`,
 1 AS `grade_description`,
 1 AS `semester_term`,
 1 AS `instructor_first_name`,
 1 AS `instructor_last_name`*/;
SET character_set_client = @saved_cs_client;

--
-- Table structure for table `faculty`
--

DROP TABLE IF EXISTS `faculty`;
/*!40101 SET @saved_cs_client     = @@character_set_client */;
/*!50503 SET character_set_client = utf8mb4 */;
CREATE TABLE `faculty` (
  `faculty_id` int(11) NOT NULL AUTO_INCREMENT,
  `people_id` int(11) NOT NULL,
  `department_id` int(11) NOT NULL,
  `office_location` varchar(255) DEFAULT NULL,
  PRIMARY KEY (`faculty_id`),
  KEY `fk_faculty_people_idx` (`people_id`),
  KEY `fk_faculty_department1_idx` (`department_id`),
  CONSTRAINT `fk_faculty_department` FOREIGN KEY (`department_id`) REFERENCES `department` (`department_id`) ON UPDATE CASCADE,
  CONSTRAINT `fk_faculty_people` FOREIGN KEY (`people_id`) REFERENCES `people` (`people_id`) ON UPDATE CASCADE
) ENGINE=InnoDB AUTO_INCREMENT=21 DEFAULT CHARSET=utf8mb3 COLLATE=utf8mb3_general_ci;
/*!40101 SET character_set_client = @saved_cs_client */;

--
-- Dumping data for table `faculty`
--

LOCK TABLES `faculty` WRITE;
/*!40000 ALTER TABLE `faculty` DISABLE KEYS */;
INSERT INTO `faculty` VALUES (1,1,1,'OFF-201'),(2,2,2,'OFF-202'),(3,3,3,'OFF-203'),(4,4,4,'OFF-204'),(5,5,5,'OFF-205'),(6,6,6,'OFF-206'),(7,7,7,'OFF-207'),(8,8,8,'OFF-208'),(9,9,9,'OFF-209'),(10,10,10,'OFF-210'),(11,11,11,'OFF-211'),(12,12,12,'OFF-212'),(13,13,1,'OFF-213'),(14,14,2,'OFF-214'),(15,15,3,'OFF-215'),(16,16,4,'OFF-216'),(17,17,5,'OFF-217'),(18,18,6,'OFF-218'),(19,19,7,'OFF-219'),(20,20,8,'OFF-220');
/*!40000 ALTER TABLE `faculty` ENABLE KEYS */;
UNLOCK TABLES;

--
-- Temporary view structure for view `faculty_summary`
--

DROP TABLE IF EXISTS `faculty_summary`;
/*!50001 DROP VIEW IF EXISTS `faculty_summary`*/;
SET @saved_cs_client     = @@character_set_client;
/*!50503 SET character_set_client = utf8mb4 */;
/*!50001 CREATE VIEW `faculty_summary` AS SELECT 
 1 AS `faculty_id`,
 1 AS `faculty_first_name`,
 1 AS `faculty_last_name`,
 1 AS `department_name`,
 1 AS `office_location`*/;
SET character_set_client = @saved_cs_client;

--
-- Table structure for table `letter_grade`
--

DROP TABLE IF EXISTS `letter_grade`;
/*!40101 SET @saved_cs_client     = @@character_set_client */;
/*!50503 SET character_set_client = utf8mb4 */;
CREATE TABLE `letter_grade` (
  `letter_grade_id` int(11) NOT NULL AUTO_INCREMENT,
  `grade_symbol` varchar(45) DEFAULT NULL COMMENT '(A, B, C, D, F, I, W)',
  `grade_points` decimal(3,1) DEFAULT NULL COMMENT '(4.0, 3.0, )',
  `letter_grade_col` varchar(255) DEFAULT NULL,
  PRIMARY KEY (`letter_grade_id`)
) ENGINE=InnoDB AUTO_INCREMENT=8 DEFAULT CHARSET=utf8mb3 COLLATE=utf8mb3_general_ci;
/*!40101 SET character_set_client = @saved_cs_client */;

--
-- Dumping data for table `letter_grade`
--

LOCK TABLES `letter_grade` WRITE;
/*!40000 ALTER TABLE `letter_grade` DISABLE KEYS */;
INSERT INTO `letter_grade` VALUES (1,'A',4.0,'Excellent'),(2,'B',3.0,'Good'),(3,'C',2.0,'Average'),(4,'D',1.0,'Below Average'),(5,'F',0.0,'Fail'),(6,'I',NULL,'Incomplete'),(7,'W',NULL,'Withdrawn');
/*!40000 ALTER TABLE `letter_grade` ENABLE KEYS */;
UNLOCK TABLES;

--
-- Table structure for table `people`
--

DROP TABLE IF EXISTS `people`;
/*!40101 SET @saved_cs_client     = @@character_set_client */;
/*!50503 SET character_set_client = utf8mb4 */;
CREATE TABLE `people` (
  `people_id` int(11) NOT NULL AUTO_INCREMENT,
  `first_name` varchar(255) DEFAULT NULL,
  `last_name` varchar(255) DEFAULT NULL,
  `email` varchar(255) DEFAULT NULL,
  `date_of_birth` date DEFAULT NULL,
  `gender` varchar(45) DEFAULT NULL COMMENT 'Possible values:\nF = Females\nM = Males',
  `address` varchar(255) DEFAULT NULL,
  `phone_number` varchar(50) DEFAULT NULL,
  PRIMARY KEY (`people_id`),
  KEY `idx_first_name` (`first_name`),
  KEY `idx_last_name` (`last_name`)
) ENGINE=InnoDB AUTO_INCREMENT=251 DEFAULT CHARSET=utf8mb3 COLLATE=utf8mb3_general_ci;
/*!40101 SET character_set_client = @saved_cs_client */;

--
-- Dumping data for table `people`
--

LOCK TABLES `people` WRITE;
/*!40000 ALTER TABLE `people` DISABLE KEYS */;
INSERT INTO `people` VALUES (1,'Morgan','Davis','morgan.davis1@college.edu','1971-12-09','M','101 College Ave','555-4657'),(2,'Daniel','Brooks','daniel.brooks2@college.edu','1976-11-24','M','102 College Ave','555-7912'),(3,'Robert','Johnson','robert.johnson3@college.edu','1975-04-08','M','103 College Ave','555-4257'),(4,'Reese','Reed','reese.reed4@college.edu','2004-07-08','F','104 College Ave','555-5557'),(5,'Finley','Price','finley.price5@college.edu','1970-03-23','F','105 College Ave','555-6574'),(6,'Elizabeth','Martinez','elizabeth.martinez6@college.edu','1983-06-04','M','106 College Ave','555-7224'),(7,'Michael','Lewis','michael.lewis7@college.edu','1992-10-09','M','107 College Ave','555-8527'),(8,'Jason','Davis','jason.davis8@college.edu','1994-02-18','F','108 College Ave','555-6925'),(9,'Gregory','Gonzalez','gregory.gonzalez9@college.edu','1974-01-22','M','109 College Ave','555-5741'),(10,'Sarah','Bell','sarah.bell10@college.edu','1984-02-13','F','110 College Ave','555-8428'),(11,'Morgan','Peterson','morgan.peterson11@college.edu','1993-03-12','F','111 College Ave','555-4432'),(12,'Riley','Moore','riley.moore12@college.edu','1974-10-21','M','112 College Ave','555-9751'),(13,'Jordan','Thomas','jordan.thomas13@college.edu','1980-08-13','F','113 College Ave','555-4598'),(14,'Elliot','Harris','elliot.harris14@college.edu','1973-04-27','M','114 College Ave','555-6168'),(15,'Donna','Moore','donna.moore15@college.edu','1974-04-19','F','115 College Ave','555-4483'),(16,'Sydney','Adams','sydney.adams16@college.edu','1995-11-15','M','116 College Ave','555-5339'),(17,'Daniel','Thomas','daniel.thomas17@college.edu','2005-09-09','F','117 College Ave','555-7543'),(18,'Nancy','Anderson','nancy.anderson18@college.edu','1978-09-16','M','118 College Ave','555-1771'),(19,'Casey','Davis','casey.davis19@college.edu','1979-11-06','F','119 College Ave','555-2040'),(20,'Paul','Walker','paul.walker20@college.edu','1999-09-09','M','120 College Ave','555-2876'),(21,'Elliot','James','elliot.james21@college.edu','2004-05-25','F','121 College Ave','555-2827'),(22,'Joshua','Young','joshua.young22@college.edu','1980-08-01','F','122 College Ave','555-9201'),(23,'Parker','Lopez','parker.lopez23@college.edu','2002-02-28','F','123 College Ave','555-9317'),(24,'Sean','Gonzalez','sean.gonzalez24@college.edu','1979-06-25','M','124 College Ave','555-9837'),(25,'Avery','Watson','avery.watson25@college.edu','2003-01-20','F','125 College Ave','555-9005'),(26,'Jane','Davis','jane.davis26@college.edu','1993-05-08','M','126 College Ave','555-4946'),(27,'Cameron','Perez','cameron.perez27@college.edu','1975-02-24','F','127 College Ave','555-2133'),(28,'Parker','Carter','parker.carter28@college.edu','1978-03-22','F','128 College Ave','555-3705'),(29,'Christopher','Nelson','christopher.nelson29@college.edu','1997-04-18','M','129 College Ave','555-6107'),(30,'Donna','Kelly','donna.kelly30@college.edu','1993-08-17','F','130 College Ave','555-2982'),(31,'Barbara','Anderson','barbara.anderson31@college.edu','1974-06-01','M','131 College Ave','555-4608'),(32,'John','Jones','john.jones32@college.edu','1973-04-03','M','132 College Ave','555-6413'),(33,'David','Baker','david.baker33@college.edu','1985-05-22','F','133 College Ave','555-4510'),(34,'Jason','Rodriguez','jason.rodriguez34@college.edu','2000-04-26','F','134 College Ave','555-7669'),(35,'Thomas','Miller','thomas.miller35@college.edu','1976-11-14','F','135 College Ave','555-7939'),(36,'Edward','Scott','edward.scott36@college.edu','1973-11-21','M','136 College Ave','555-1993'),(37,'Donna','Ramirez','donna.ramirez37@college.edu','1991-02-08','M','137 College Ave','555-4116'),(38,'Jason','King','jason.king38@college.edu','1978-07-06','F','138 College Ave','555-8579'),(39,'Barbara','Price','barbara.price39@college.edu','1974-08-26','M','139 College Ave','555-1828'),(40,'Sydney','Carter','sydney.carter40@college.edu','1970-02-25','M','140 College Ave','555-3724'),(41,'Edward','Adams','edward.adams41@college.edu','2000-04-28','F','141 College Ave','555-1960'),(42,'Steven','Walker','steven.walker42@college.edu','1970-07-09','F','142 College Ave','555-5673'),(43,'Jennifer','Morgan','jennifer.morgan43@college.edu','2005-11-23','F','143 College Ave','555-3536'),(44,'Thomas','Jackson','thomas.jackson44@college.edu','1983-01-19','M','144 College Ave','555-6138'),(45,'Emily','Brown','emily.brown45@college.edu','2000-09-28','M','145 College Ave','555-1931'),(46,'Andrew','Garcia','andrew.garcia46@college.edu','1981-02-20','M','146 College Ave','555-4853'),(47,'Donna','Davis','donna.davis47@college.edu','1985-10-20','M','147 College Ave','555-2343'),(48,'Edward','Kelly','edward.kelly48@college.edu','2003-06-09','M','148 College Ave','555-6147'),(49,'Barbara','Taylor','barbara.taylor49@college.edu','1995-03-22','F','149 College Ave','555-8491'),(50,'George','Watson','george.watson50@college.edu','1974-01-15','M','150 College Ave','555-2200'),(51,'Jason','Wilson','jason.wilson51@college.edu','2002-05-05','F','151 College Ave','555-2127'),(52,'Cameron','Thomas','cameron.thomas52@college.edu','1993-05-06','F','152 College Ave','555-9900'),(53,'Reese','White','reese.white53@college.edu','2003-01-22','F','153 College Ave','555-2697'),(54,'Cameron','Rodriguez','cameron.rodriguez54@college.edu','1986-02-04','M','154 College Ave','555-5462'),(55,'Joshua','Turner','joshua.turner55@college.edu','1983-12-11','M','155 College Ave','555-5325'),(56,'Andrew','Adams','andrew.adams56@college.edu','1986-01-03','F','156 College Ave','555-5533'),(57,'Robert','Smith','robert.smith57@college.edu','1991-03-21','F','157 College Ave','555-3647'),(58,'Dylan','King','dylan.king58@college.edu','2005-12-14','M','158 College Ave','555-2832'),(59,'David','Ramos','david.ramos59@college.edu','1979-09-02','F','159 College Ave','555-3426'),(60,'Jennifer','Rodriguez','jennifer.rodriguez60@college.edu','1972-05-12','M','160 College Ave','555-6862'),(61,'Linda','Torres','linda.torres61@college.edu','1985-11-04','F','161 College Ave','555-7658'),(62,'Olivia','Brooks','olivia.brooks62@college.edu','1979-04-28','M','162 College Ave','555-3900'),(63,'Cameron','Allen','cameron.allen63@college.edu','1971-03-24','F','163 College Ave','555-7745'),(64,'Finley','Kelly','finley.kelly64@college.edu','1985-05-06','M','164 College Ave','555-7267'),(65,'Casey','Williams','casey.williams65@college.edu','2000-04-07','F','165 College Ave','555-6728'),(66,'Karen','Cooper','karen.cooper66@college.edu','1984-04-01','M','166 College Ave','555-7528'),(67,'Betty','Moore','betty.moore67@college.edu','1974-05-12','F','167 College Ave','555-9785'),(68,'Betty','Ramos','betty.ramos68@college.edu','1971-02-09','M','168 College Ave','555-5349'),(69,'Robert','Miller','robert.miller69@college.edu','1997-06-24','F','169 College Ave','555-8149'),(70,'Sean','Baker','sean.baker70@college.edu','1977-07-19','M','170 College Ave','555-5173'),(71,'Robert','Richardson','robert.richardson71@college.edu','1997-01-17','M','171 College Ave','555-6967'),(72,'Jennifer','Jones','jennifer.jones72@college.edu','1991-10-11','M','172 College Ave','555-5920'),(73,'Andrew','White','andrew.white73@college.edu','1996-06-13','F','173 College Ave','555-3085'),(74,'Thomas','Allen','thomas.allen74@college.edu','1994-11-24','M','174 College Ave','555-5930'),(75,'Donna','Mitchell','donna.mitchell75@college.edu','1970-05-10','M','175 College Ave','555-8043'),(76,'Bailey','Roberts','bailey.roberts76@college.edu','1990-08-15','F','176 College Ave','555-4501'),(77,'Andrew','Green','andrew.green77@college.edu','1980-11-03','F','177 College Ave','555-9445'),(78,'Riley','Campbell','riley.campbell78@college.edu','1991-02-27','M','178 College Ave','555-6085'),(79,'Matthew','Foster','matthew.foster79@college.edu','1982-03-01','M','179 College Ave','555-5011'),(80,'Kevin','Phillips','kevin.phillips80@college.edu','1974-08-14','M','180 College Ave','555-7291'),(81,'Rachel','Hall','rachel.hall81@college.edu','1985-03-21','M','181 College Ave','555-2746'),(82,'Avery','Young','avery.young82@college.edu','1984-03-26','F','182 College Ave','555-1822'),(83,'Rebecca','Thomas','rebecca.thomas83@college.edu','1977-08-05','F','183 College Ave','555-9702'),(84,'Rebecca','Turner','rebecca.turner84@college.edu','1990-08-20','F','184 College Ave','555-9976'),(85,'Brian','Howard','brian.howard85@college.edu','1980-12-28','F','185 College Ave','555-8373'),(86,'Christopher','Sanders','christopher.sanders86@college.edu','1985-11-09','F','186 College Ave','555-4919'),(87,'Elizabeth','King','elizabeth.king87@college.edu','1974-12-10','M','187 College Ave','555-5451'),(88,'Betty','Harris','betty.harris88@college.edu','2004-02-05','M','188 College Ave','555-4788'),(89,'Paul','Morgan','paul.morgan89@college.edu','1979-12-07','M','189 College Ave','555-7797'),(90,'Edward','Clark','edward.clark90@college.edu','2004-08-14','M','190 College Ave','555-4388'),(91,'Hayden','Allen','hayden.allen91@college.edu','1994-10-23','M','191 College Ave','555-7232'),(92,'Kevin','Smith','kevin.smith92@college.edu','1992-05-25','F','192 College Ave','555-7865'),(93,'Jason','Brooks','jason.brooks93@college.edu','2004-10-08','F','193 College Ave','555-4595'),(94,'Elizabeth','Young','elizabeth.young94@college.edu','2001-01-13','F','194 College Ave','555-7624'),(95,'Jordan','Hernandez','jordan.hernandez95@college.edu','1999-03-20','M','195 College Ave','555-7455'),(96,'Ashley','Perez','ashley.perez96@college.edu','1971-02-21','F','196 College Ave','555-3223'),(97,'Casey','Scott','casey.scott97@college.edu','1981-01-09','F','197 College Ave','555-6363'),(98,'Linda','Scott','linda.scott98@college.edu','1990-06-25','F','198 College Ave','555-5558'),(99,'Parker','Ramos','parker.ramos99@college.edu','1996-05-27','M','199 College Ave','555-8705'),(100,'Jane','Brooks','jane.brooks100@college.edu','2004-01-12','M','200 College Ave','555-2124'),(101,'Avery','Gabriel','avery.gabriel101@college.edu','1972-01-08','M','201 College Ave','555-1333'),(102,'Olivia','Martinez','olivia.martinez102@college.edu','1985-03-16','M','202 College Ave','555-4571'),(103,'Megan','Morgan','megan.morgan103@college.edu','1986-06-06','M','203 College Ave','555-3683'),(104,'Karen','Miller','karen.miller104@college.edu','1971-05-19','F','204 College Ave','555-7498'),(105,'Reese','Gonzalez','reese.gonzalez105@college.edu','1974-10-23','M','205 College Ave','555-2669'),(106,'Alex','Ward','alex.ward106@college.edu','1989-11-20','M','206 College Ave','555-1672'),(107,'Mark','Carter','mark.carter107@college.edu','1997-11-12','M','207 College Ave','555-9289'),(108,'Sydney','Clark','sydney.clark108@college.edu','1970-07-27','F','208 College Ave','555-2729'),(109,'Jennifer','Gabriel','jennifer.gabriel109@college.edu','1993-11-27','F','209 College Ave','555-3506'),(110,'Jennifer','Lopez','jennifer.lopez110@college.edu','2003-11-09','F','210 College Ave','555-8616'),(111,'Jennifer','Cooper','jennifer.cooper111@college.edu','1987-06-28','M','211 College Ave','555-2419'),(112,'Elizabeth','James','elizabeth.james112@college.edu','1998-04-25','F','212 College Ave','555-7209'),(113,'Betty','Johnson','betty.johnson113@college.edu','2001-06-06','F','213 College Ave','555-4475'),(114,'Mark','Foster','mark.foster114@college.edu','1986-06-09','F','214 College Ave','555-1166'),(115,'Amy','Ramos','amy.ramos115@college.edu','1982-02-08','F','215 College Ave','555-9004'),(116,'Rebecca','Sanders','rebecca.sanders116@college.edu','1985-12-16','F','216 College Ave','555-8342'),(117,'Bailey','Johnson','bailey.johnson117@college.edu','1975-05-08','F','217 College Ave','555-4986'),(118,'Karen','Kelly','karen.kelly118@college.edu','1993-08-18','F','218 College Ave','555-7971'),(119,'Dylan','Mitchell','dylan.mitchell119@college.edu','1991-06-23','F','219 College Ave','555-5438'),(120,'Karen','Taylor','karen.taylor120@college.edu','1984-02-24','M','220 College Ave','555-6169'),(121,'Jessica','Brooks','jessica.brooks121@college.edu','2004-12-06','M','221 College Ave','555-4545'),(122,'Dylan','Green','dylan.green122@college.edu','1987-12-19','F','222 College Ave','555-2647'),(123,'Hayden','Gonzalez','hayden.gonzalez123@college.edu','1988-04-12','M','223 College Ave','555-5952'),(124,'John','Richardson','john.richardson124@college.edu','2004-03-09','M','224 College Ave','555-1893'),(125,'Rebecca','Jackson','rebecca.jackson125@college.edu','1978-11-28','F','225 College Ave','555-2680'),(126,'Casey','Smith','casey.smith126@college.edu','1988-08-16','F','226 College Ave','555-6582'),(127,'Patricia','Gabriel','patricia.gabriel127@college.edu','1973-05-28','F','227 College Ave','555-2869'),(128,'Quinn','Jones','quinn.jones128@college.edu','1995-08-03','M','228 College Ave','555-3485'),(129,'Laura','Foster','laura.foster129@college.edu','1989-02-08','M','229 College Ave','555-7818'),(130,'Sean','Turner','sean.turner130@college.edu','1984-09-13','F','230 College Ave','555-8253'),(131,'Karen','Price','karen.price131@college.edu','1997-05-19','M','231 College Ave','555-2625'),(132,'Parker','Wilson','parker.wilson132@college.edu','1983-05-22','M','232 College Ave','555-3573'),(133,'Barbara','Lopez','barbara.lopez133@college.edu','2005-02-06','M','233 College Ave','555-7693'),(134,'Brian','Morgan','brian.morgan134@college.edu','2000-05-02','M','234 College Ave','555-5720'),(135,'Reese','Jackson','reese.jackson135@college.edu','1999-02-22','M','235 College Ave','555-5334'),(136,'Bailey','Rivera','bailey.rivera136@college.edu','1982-07-04','M','236 College Ave','555-3441'),(137,'Elizabeth','Cooper','elizabeth.cooper137@college.edu','1979-02-02','M','237 College Ave','555-6039'),(138,'Sean','Brooks','sean.brooks138@college.edu','1988-08-04','F','238 College Ave','555-5982'),(139,'Alex','Hall','alex.hall139@college.edu','1987-09-18','F','239 College Ave','555-8172'),(140,'Sarah','Turner','sarah.turner140@college.edu','1972-07-24','F','240 College Ave','555-5102'),(141,'Jane','Garcia','jane.garcia141@college.edu','1984-11-27','M','241 College Ave','555-5415'),(142,'Gregory','Williams','gregory.williams142@college.edu','1981-08-17','F','242 College Ave','555-5557'),(143,'Patricia','Roberts','patricia.roberts143@college.edu','1997-11-27','F','243 College Ave','555-2494'),(144,'Kevin','Lewis','kevin.lewis144@college.edu','1996-06-11','M','244 College Ave','555-3634'),(145,'Betty','Allen','betty.allen145@college.edu','2001-05-22','F','245 College Ave','555-1601'),(146,'Megan','Garcia','megan.garcia146@college.edu','1990-05-11','M','246 College Ave','555-7622'),(147,'Casey','Baker','casey.baker147@college.edu','1970-11-28','F','247 College Ave','555-7770'),(148,'Emily','Gonzalez','emily.gonzalez148@college.edu','2003-06-20','F','248 College Ave','555-8242'),(149,'Parker','Brown','parker.brown149@college.edu','1983-05-18','M','249 College Ave','555-5719'),(150,'Brian','James','brian.james150@college.edu','2001-02-01','M','250 College Ave','555-3594'),(151,'Karen','Mitchell','karen.mitchell151@college.edu','1970-09-14','M','251 College Ave','555-4681'),(152,'Hayden','Gray','hayden.gray152@college.edu','1977-08-04','M','252 College Ave','555-9165'),(153,'Reese','Jackson','reese.jackson153@college.edu','2002-12-09','F','253 College Ave','555-8905'),(154,'Kevin','Thomas','kevin.thomas154@college.edu','1999-09-05','F','254 College Ave','555-4122'),(155,'Sean','Baker','sean.baker155@college.edu','1978-02-09','F','255 College Ave','555-6568'),(156,'Bailey','Baker','bailey.baker156@college.edu','1987-01-10','F','256 College Ave','555-9022'),(157,'Casey','Martinez','casey.martinez157@college.edu','1998-09-16','F','257 College Ave','555-6446'),(158,'Rebecca','Sanders','rebecca.sanders158@college.edu','2004-07-15','F','258 College Ave','555-4090'),(159,'Alex','Thomas','alex.thomas159@college.edu','1994-04-28','F','259 College Ave','555-1715'),(160,'George','Brooks','george.brooks160@college.edu','2000-12-26','F','260 College Ave','555-7325'),(161,'Riley','Rivera','riley.rivera161@college.edu','1979-08-02','M','261 College Ave','555-9229'),(162,'Ashley','Clark','ashley.clark162@college.edu','1976-08-04','F','262 College Ave','555-1251'),(163,'Jordan','Martinez','jordan.martinez163@college.edu','1996-11-05','M','263 College Ave','555-8692'),(164,'Bailey','Taylor','bailey.taylor164@college.edu','1991-10-23','F','264 College Ave','555-2315'),(165,'Logan','Clark','logan.clark165@college.edu','2004-07-11','F','265 College Ave','555-9864'),(166,'Robert','Phillips','robert.phillips166@college.edu','1974-04-21','F','266 College Ave','555-4727'),(167,'Dylan','Garcia','dylan.garcia167@college.edu','1997-02-25','M','267 College Ave','555-8269'),(168,'Steven','Morgan','steven.morgan168@college.edu','1989-01-02','F','268 College Ave','555-1919'),(169,'Joshua','Lewis','joshua.lewis169@college.edu','1993-07-05','M','269 College Ave','555-9702'),(170,'Edward','Perez','edward.perez170@college.edu','1981-03-06','M','270 College Ave','555-7267'),(171,'Olivia','Torres','olivia.torres171@college.edu','1985-08-19','M','271 College Ave','555-4804'),(172,'Megan','Campbell','megan.campbell172@college.edu','1986-08-09','M','272 College Ave','555-8622'),(173,'Charlie','Jackson','charlie.jackson173@college.edu','2004-03-03','F','273 College Ave','555-6661'),(174,'Ashley','White','ashley.white174@college.edu','1997-12-09','F','274 College Ave','555-5949'),(175,'Thomas','Walker','thomas.walker175@college.edu','2000-02-08','F','275 College Ave','555-6881'),(176,'Gregory','Jackson','gregory.jackson176@college.edu','1988-01-27','F','276 College Ave','555-5497'),(177,'John','Perez','john.perez177@college.edu','1973-10-24','F','277 College Ave','555-5689'),(178,'Avery','Foster','avery.foster178@college.edu','1984-10-26','F','278 College Ave','555-4588'),(179,'Morgan','Gonzalez','morgan.gonzalez179@college.edu','1986-11-25','M','279 College Ave','555-2591'),(180,'Charlie','Campbell','charlie.campbell180@college.edu','1972-05-26','F','280 College Ave','555-1546'),(181,'Ashley','Robinson','ashley.robinson181@college.edu','1978-02-10','F','281 College Ave','555-7807'),(182,'Patricia','Gonzalez','patricia.gonzalez182@college.edu','1978-09-12','F','282 College Ave','555-3695'),(183,'Christopher','Gray','christopher.gray183@college.edu','2000-05-24','F','283 College Ave','555-2886'),(184,'Megan','Gabriel','megan.gabriel184@college.edu','1974-03-25','M','284 College Ave','555-7511'),(185,'Logan','Foster','logan.foster185@college.edu','2005-06-03','F','285 College Ave','555-1228'),(186,'Christopher','Carter','christopher.carter186@college.edu','1977-08-12','F','286 College Ave','555-7242'),(187,'Quinn','Campbell','quinn.campbell187@college.edu','1993-02-22','M','287 College Ave','555-8724'),(188,'Jane','Phillips','jane.phillips188@college.edu','2005-06-20','M','288 College Ave','555-2035'),(189,'Morgan','Cooper','morgan.cooper189@college.edu','1999-12-10','F','289 College Ave','555-2911'),(190,'Daniel','Williams','daniel.williams190@college.edu','1972-05-16','M','290 College Ave','555-2592'),(191,'Barbara','James','barbara.james191@college.edu','2004-03-13','F','291 College Ave','555-7078'),(192,'Riley','Ramos','riley.ramos192@college.edu','2004-07-19','M','292 College Ave','555-7797'),(193,'Sydney','Miller','sydney.miller193@college.edu','2001-10-14','F','293 College Ave','555-1536'),(194,'Alex','Robinson','alex.robinson194@college.edu','1983-08-15','M','294 College Ave','555-6942'),(195,'Michael','Torres','michael.torres195@college.edu','1993-09-21','F','295 College Ave','555-1992'),(196,'Donna','Moore','donna.moore196@college.edu','1982-02-28','F','296 College Ave','555-2501'),(197,'Riley','Wilson','riley.wilson197@college.edu','1971-01-26','F','297 College Ave','555-4990'),(198,'Daniel','Rivera','daniel.rivera198@college.edu','1983-02-27','M','298 College Ave','555-4538'),(199,'Quinn','Price','quinn.price199@college.edu','1984-06-25','M','299 College Ave','555-1046'),(200,'Elizabeth','Bell','elizabeth.bell200@college.edu','1979-03-18','F','300 College Ave','555-3858'),(201,'Jessica','Kelly','jessica.kelly201@college.edu','1971-03-01','F','301 College Ave','555-4898'),(202,'Ashley','Harris','ashley.harris202@college.edu','1971-03-09','M','302 College Ave','555-3076'),(203,'Dylan','Allen','dylan.allen203@college.edu','2003-02-24','M','303 College Ave','555-8802'),(204,'Brian','Ward','brian.ward204@college.edu','1993-09-19','M','304 College Ave','555-8405'),(205,'Andrew','Anderson','andrew.anderson205@college.edu','1972-12-26','F','305 College Ave','555-8504'),(206,'Sydney','Gabriel','sydney.gabriel206@college.edu','1971-01-16','F','306 College Ave','555-7984'),(207,'Elliot','Miller','elliot.miller207@college.edu','2001-12-15','M','307 College Ave','555-2323'),(208,'George','Turner','george.turner208@college.edu','1979-02-05','F','308 College Ave','555-9984'),(209,'Reese','Harris','reese.harris209@college.edu','1994-10-17','F','309 College Ave','555-8433'),(210,'Andrew','Turner','andrew.turner210@college.edu','1997-02-26','M','310 College Ave','555-4522'),(211,'Jennifer','King','jennifer.king211@college.edu','1984-07-11','F','311 College Ave','555-7532'),(212,'Edward','Ramirez','edward.ramirez212@college.edu','1976-06-14','F','312 College Ave','555-5176'),(213,'Nancy','Gabriel','nancy.gabriel213@college.edu','1979-11-16','M','313 College Ave','555-2494'),(214,'Hayden','Garcia','hayden.garcia214@college.edu','1975-07-04','F','314 College Ave','555-3131'),(215,'Rebecca','Brown','rebecca.brown215@college.edu','2005-09-11','M','315 College Ave','555-7730'),(216,'Mark','Price','mark.price216@college.edu','1997-12-02','F','316 College Ave','555-6119'),(217,'Mark','Miller','mark.miller217@college.edu','2002-04-05','F','317 College Ave','555-4674'),(218,'Logan','Miller','logan.miller218@college.edu','1992-09-12','M','318 College Ave','555-5564'),(219,'Gregory','Anderson','gregory.anderson219@college.edu','1997-09-25','M','319 College Ave','555-5381'),(220,'Jane','Lopez','jane.lopez220@college.edu','1987-12-25','F','320 College Ave','555-6567'),(221,'Mark','Smith','mark.smith221@college.edu','1981-03-19','F','321 College Ave','555-2140'),(222,'Laura','Brooks','laura.brooks222@college.edu','1971-02-24','M','322 College Ave','555-7163'),(223,'Edward','Scott','edward.scott223@college.edu','1991-03-12','F','323 College Ave','555-6314'),(224,'Avery','Ramos','avery.ramos224@college.edu','1975-01-05','M','324 College Ave','555-1815'),(225,'Elliot','Garcia','elliot.garcia225@college.edu','1987-08-22','F','325 College Ave','555-8957'),(226,'Sean','King','sean.king226@college.edu','1996-05-07','M','326 College Ave','555-6655'),(227,'Jennifer','Davis','jennifer.davis227@college.edu','1988-11-22','F','327 College Ave','555-9633'),(228,'Riley','White','riley.white228@college.edu','1972-04-13','M','328 College Ave','555-1125'),(229,'Linda','White','linda.white229@college.edu','1983-03-25','F','329 College Ave','555-5742'),(230,'George','Davis','george.davis230@college.edu','1970-08-24','F','330 College Ave','555-3878'),(231,'Daniel','Walker','daniel.walker231@college.edu','2004-12-08','F','331 College Ave','555-2180'),(232,'Donna','Price','donna.price232@college.edu','1972-07-01','F','332 College Ave','555-2275'),(233,'Casey','Harris','casey.harris233@college.edu','1997-10-13','F','333 College Ave','555-5743'),(234,'Jessica','Hall','jessica.hall234@college.edu','1971-06-06','F','334 College Ave','555-6928'),(235,'Sarah','Young','sarah.young235@college.edu','1976-04-14','F','335 College Ave','555-9584'),(236,'Sarah','Hall','sarah.hall236@college.edu','1989-12-11','M','336 College Ave','555-6456'),(237,'Avery','Hernandez','avery.hernandez237@college.edu','1974-09-21','M','337 College Ave','555-9693'),(238,'Andrew','Gonzalez','andrew.gonzalez238@college.edu','1992-06-24','M','338 College Ave','555-4871'),(239,'Michael','Martinez','michael.martinez239@college.edu','1986-04-06','M','339 College Ave','555-2234'),(240,'Patricia','Ramos','patricia.ramos240@college.edu','2001-08-25','F','340 College Ave','555-6295'),(241,'Casey','Campbell','casey.campbell241@college.edu','1990-03-15','M','341 College Ave','555-8682'),(242,'Brian','Campbell','brian.campbell242@college.edu','1989-05-19','M','342 College Ave','555-6766'),(243,'Andrew','Jones','andrew.jones243@college.edu','1989-08-15','M','343 College Ave','555-1932'),(244,'Nancy','Peterson','nancy.peterson244@college.edu','1988-02-21','M','344 College Ave','555-9307'),(245,'Paul','Scott','paul.scott245@college.edu','2005-12-02','F','345 College Ave','555-4084'),(246,'George','Turner','george.turner246@college.edu','2000-09-05','M','346 College Ave','555-8381'),(247,'Michael','Foster','michael.foster247@college.edu','1991-12-03','M','347 College Ave','555-1641'),(248,'Barbara','Richardson','barbara.richardson248@college.edu','1998-08-17','M','348 College Ave','555-6962'),(249,'Nancy','Gray','nancy.gray249@college.edu','1988-07-14','F','349 College Ave','555-1857'),(250,'Bailey','Campbell','bailey.campbell250@college.edu','1991-02-11','M','350 College Ave','555-7333');
/*!40000 ALTER TABLE `people` ENABLE KEYS */;
UNLOCK TABLES;

--
-- Temporary view structure for view `people_summary`
--

DROP TABLE IF EXISTS `people_summary`;
/*!50001 DROP VIEW IF EXISTS `people_summary`*/;
SET @saved_cs_client     = @@character_set_client;
/*!50503 SET character_set_client = utf8mb4 */;
/*!50001 CREATE VIEW `people_summary` AS SELECT 
 1 AS `people_id`,
 1 AS `first_name`,
 1 AS `last_name`,
 1 AS `email`,
 1 AS `gender`,
 1 AS `date_of_birth`*/;
SET character_set_client = @saved_cs_client;

--
-- Table structure for table `room`
--

DROP TABLE IF EXISTS `room`;
/*!40101 SET @saved_cs_client     = @@character_set_client */;
/*!50503 SET character_set_client = utf8mb4 */;
CREATE TABLE `room` (
  `room_id` int(11) NOT NULL AUTO_INCREMENT,
  `room_number` varchar(45) DEFAULT NULL,
  `building` varchar(45) DEFAULT NULL,
  `capacity` int(11) DEFAULT NULL,
  PRIMARY KEY (`room_id`),
  KEY `idx_room_number` (`room_number`)
) ENGINE=InnoDB AUTO_INCREMENT=11 DEFAULT CHARSET=utf8mb3 COLLATE=utf8mb3_general_ci;
/*!40101 SET character_set_client = @saved_cs_client */;

--
-- Dumping data for table `room`
--

LOCK TABLES `room` WRITE;
/*!40000 ALTER TABLE `room` DISABLE KEYS */;
INSERT INTO `room` VALUES (1,'A101','Science Hall',40),(2,'B202','Engineering Building',50),(3,'C303','Main Building',35),(4,'D404','Library Annex',25),(5,'E505','Humanities Hall',30),(6,'F606','Business Center',45),(7,'G707','Psychology Wing',30),(8,'H808','Fine Arts Building',25),(9,'I909','Math Complex',40),(10,'J010','Biology Lab',35);
/*!40000 ALTER TABLE `room` ENABLE KEYS */;
UNLOCK TABLES;

--
-- Table structure for table `semester`
--

DROP TABLE IF EXISTS `semester`;
/*!40101 SET @saved_cs_client     = @@character_set_client */;
/*!50503 SET character_set_client = utf8mb4 */;
CREATE TABLE `semester` (
  `semester_id` int(11) NOT NULL AUTO_INCREMENT,
  `semester_term` varchar(45) DEFAULT NULL COMMENT 'Possible values:\nSummer\nFall\nSpring\n',
  PRIMARY KEY (`semester_id`)
) ENGINE=InnoDB AUTO_INCREMENT=4 DEFAULT CHARSET=utf8mb3 COLLATE=utf8mb3_general_ci;
/*!40101 SET character_set_client = @saved_cs_client */;

--
-- Dumping data for table `semester`
--

LOCK TABLES `semester` WRITE;
/*!40000 ALTER TABLE `semester` DISABLE KEYS */;
INSERT INTO `semester` VALUES (1,'Fall'),(2,'Spring'),(3,'Summer');
/*!40000 ALTER TABLE `semester` ENABLE KEYS */;
UNLOCK TABLES;

--
-- Table structure for table `staff`
--

DROP TABLE IF EXISTS `staff`;
/*!40101 SET @saved_cs_client     = @@character_set_client */;
/*!50503 SET character_set_client = utf8mb4 */;
CREATE TABLE `staff` (
  `staff_id` int(11) NOT NULL AUTO_INCREMENT,
  `people_id` int(11) NOT NULL,
  `department_id` int(11) NOT NULL,
  `staffcol` varchar(45) DEFAULT NULL,
  PRIMARY KEY (`staff_id`),
  KEY `fk_staff_people_idx` (`people_id`),
  KEY `fk_staff_department1_idx` (`department_id`),
  CONSTRAINT `fk_staff_department` FOREIGN KEY (`department_id`) REFERENCES `department` (`department_id`) ON UPDATE CASCADE,
  CONSTRAINT `fk_staff_people` FOREIGN KEY (`people_id`) REFERENCES `people` (`people_id`) ON UPDATE CASCADE
) ENGINE=InnoDB AUTO_INCREMENT=26 DEFAULT CHARSET=utf8mb3 COLLATE=utf8mb3_general_ci;
/*!40101 SET character_set_client = @saved_cs_client */;

--
-- Dumping data for table `staff`
--

LOCK TABLES `staff` WRITE;
/*!40000 ALTER TABLE `staff` DISABLE KEYS */;
INSERT INTO `staff` VALUES (1,21,1,'Department Secretary'),(2,22,2,'Administrative Assistant'),(3,23,3,'Registrar Clerk'),(4,24,4,'Lab Technician'),(5,25,5,'Library Assistant'),(6,26,6,'Chemistry Lab Coordinator'),(7,27,7,'Economics Office Admin'),(8,28,8,'Psychology Lab Assistant'),(9,29,9,'Sociology Research Assistant'),(10,30,10,'Art Department Secretary'),(11,31,11,'IT Support Specialist'),(12,32,12,'Admissions Counselor'),(13,33,1,'Financial Aid Officer'),(14,34,2,'Academic Advisor'),(15,35,3,'Campus Security Officer'),(16,36,4,'Custodial Staff'),(17,37,5,'Dining Services Staff'),(18,38,6,'HR Coordinator'),(19,39,7,'Career Services Specialist'),(20,40,8,'Athletics Coordinator'),(21,41,9,'Student Life Coordinator'),(22,42,10,'Health Center Nurse'),(23,43,11,'Library Technician'),(24,44,12,'Testing Center Proctor'),(25,45,1,'Events Coordinator');
/*!40000 ALTER TABLE `staff` ENABLE KEYS */;
UNLOCK TABLES;

--
-- Temporary view structure for view `staff_summary`
--

DROP TABLE IF EXISTS `staff_summary`;
/*!50001 DROP VIEW IF EXISTS `staff_summary`*/;
SET @saved_cs_client     = @@character_set_client;
/*!50503 SET character_set_client = utf8mb4 */;
/*!50001 CREATE VIEW `staff_summary` AS SELECT 
 1 AS `staff_id`,
 1 AS `staff_first_name`,
 1 AS `staff_last_name`,
 1 AS `department_name`,
 1 AS `job_title`*/;
SET character_set_client = @saved_cs_client;

--
-- Table structure for table `student`
--

DROP TABLE IF EXISTS `student`;
/*!40101 SET @saved_cs_client     = @@character_set_client */;
/*!50503 SET character_set_client = utf8mb4 */;
CREATE TABLE `student` (
  `student_id` int(11) NOT NULL AUTO_INCREMENT,
  `people_id` int(11) NOT NULL,
  `cumulative_gpa` decimal(3,1) DEFAULT NULL,
  `advisor_id` int(11) NOT NULL,
  PRIMARY KEY (`student_id`),
  KEY `fk_people_student_id_idx` (`people_id`),
  KEY `fk_student_faculty1_idx` (`advisor_id`),
  CONSTRAINT `fk_student_faculty` FOREIGN KEY (`advisor_id`) REFERENCES `faculty` (`faculty_id`) ON DELETE NO ACTION ON UPDATE NO ACTION,
  CONSTRAINT `fk_student_people` FOREIGN KEY (`people_id`) REFERENCES `people` (`people_id`) ON UPDATE CASCADE
) ENGINE=InnoDB AUTO_INCREMENT=181 DEFAULT CHARSET=utf8mb3 COLLATE=utf8mb3_general_ci;
/*!40101 SET character_set_client = @saved_cs_client */;

--
-- Dumping data for table `student`
--

LOCK TABLES `student` WRITE;
/*!40000 ALTER TABLE `student` DISABLE KEYS */;
INSERT INTO `student` VALUES (1,46,3.6,20),(2,47,4.0,11),(3,48,2.0,5),(4,49,4.0,10),(5,50,4.0,13),(6,51,2.0,3),(7,52,3.0,13),(8,53,3.0,11),(9,54,4.0,17),(10,55,2.0,14),(11,56,3.0,1),(12,57,3.0,6),(13,58,4.0,11),(14,59,4.0,16),(15,60,2.0,5),(16,61,2.0,10),(17,62,4.0,4),(18,63,3.0,18),(19,64,4.0,17),(20,65,2.0,11),(21,66,4.0,20),(22,67,2.0,13),(23,68,2.0,6),(24,69,4.0,20),(25,70,4.0,6),(26,71,3.0,2),(27,72,3.0,8),(28,73,4.0,20),(29,74,3.0,15),(30,75,2.0,8),(31,76,3.0,16),(32,77,4.0,7),(33,78,3.0,19),(34,79,4.0,15),(35,80,4.0,13),(36,81,3.0,14),(37,82,4.0,7),(38,83,4.0,5),(39,84,4.0,2),(40,85,3.0,12),(41,86,3.0,4),(42,87,3.0,17),(43,88,4.0,10),(44,89,2.0,6),(45,90,3.0,17),(46,91,2.0,14),(47,92,2.0,8),(48,93,4.0,12),(49,94,4.0,14),(50,95,2.0,17),(51,96,3.0,13),(52,97,4.0,12),(53,98,2.0,11),(54,99,4.0,11),(55,100,4.0,5),(56,101,2.0,16),(57,102,3.0,5),(58,103,4.0,16),(59,104,3.0,1),(60,105,4.0,1),(61,106,3.0,5),(62,107,3.0,20),(63,108,3.0,4),(64,109,4.0,8),(65,110,3.0,2),(66,111,2.0,20),(67,112,3.0,4),(68,113,4.0,16),(69,114,3.0,1),(70,115,3.0,19),(71,116,2.0,5),(72,117,3.0,1),(73,118,3.0,8),(74,119,3.0,6),(75,120,3.0,3),(76,121,3.0,12),(77,122,2.0,17),(78,123,3.0,17),(79,124,3.0,13),(80,125,4.0,2),(81,126,3.0,12),(82,127,3.0,1),(83,128,3.0,3),(84,129,3.0,4),(85,130,4.0,11),(86,131,2.0,12),(87,132,3.0,6),(88,133,4.0,15),(89,134,4.0,16),(90,135,3.0,5),(91,136,2.0,15),(92,137,2.0,7),(93,138,2.0,7),(94,139,4.0,11),(95,140,4.0,17),(96,141,3.0,18),(97,142,3.0,2),(98,143,4.0,7),(99,144,3.0,2),(100,145,4.0,11),(101,146,3.0,12),(102,147,3.0,13),(103,148,3.0,13),(104,149,3.0,6),(105,150,3.0,16),(106,151,3.0,17),(107,152,3.0,3),(108,153,3.0,3),(109,154,3.0,6),(110,155,3.0,11),(111,156,2.0,11),(112,157,3.0,10),(113,158,3.0,14),(114,159,2.0,15),(115,160,3.0,2),(116,161,3.0,12),(117,162,3.0,14),(118,163,3.0,2),(119,164,2.0,13),(120,165,3.0,6),(121,166,4.0,5),(122,167,4.0,15),(123,168,2.0,3),(124,169,2.0,12),(125,170,3.0,19),(126,171,2.0,5),(127,172,3.0,12),(128,173,3.0,3),(129,174,3.0,17),(130,175,3.0,11),(131,176,3.0,8),(132,177,4.0,1),(133,178,3.0,16),(134,179,3.0,18),(135,180,2.0,9),(136,181,3.0,7),(137,182,4.0,10),(138,183,3.0,16),(139,184,2.0,5),(140,185,4.0,15),(141,186,2.0,15),(142,187,4.0,11),(143,188,3.0,3),(144,189,3.0,10),(145,190,4.0,6),(146,191,3.0,6),(147,192,4.0,17),(148,193,2.0,7),(149,194,4.0,8),(150,195,4.0,1),(151,196,3.0,19),(152,197,3.0,18),(153,198,2.0,3),(154,199,2.0,13),(155,200,4.0,16),(156,201,3.0,14),(157,202,4.0,3),(158,203,2.0,11),(159,204,3.0,15),(160,205,3.0,17),(161,206,3.0,18),(162,207,3.0,6),(163,208,4.0,5),(164,209,3.0,2),(165,210,4.0,17),(166,211,2.0,6),(167,212,2.0,8),(168,213,3.0,17),(169,214,4.0,3),(170,215,3.0,18),(171,216,3.0,10),(172,217,3.0,3),(173,218,3.0,6),(174,219,3.0,19),(175,220,2.0,20),(176,221,3.0,20),(177,222,3.0,19),(178,223,2.0,1),(179,224,2.0,19),(180,225,3.0,7);
/*!40000 ALTER TABLE `student` ENABLE KEYS */;
UNLOCK TABLES;

--
-- Temporary view structure for view `student_summary`
--

DROP TABLE IF EXISTS `student_summary`;
/*!50001 DROP VIEW IF EXISTS `student_summary`*/;
SET @saved_cs_client     = @@character_set_client;
/*!50503 SET character_set_client = utf8mb4 */;
/*!50001 CREATE VIEW `student_summary` AS SELECT 
 1 AS `student_id`,
 1 AS `student_first_name`,
 1 AS `student_last_name`,
 1 AS `cumulative_gpa`,
 1 AS `advisor_id`,
 1 AS `advisor_first_name`,
 1 AS `advisor_last_name`*/;
SET character_set_client = @saved_cs_client;

--
-- Dumping events for database 'af25stevc1_collegeDB_V3'
--

--
-- Dumping routines for database 'af25stevc1_collegeDB_V3'
--
/*!50003 DROP FUNCTION IF EXISTS `f_validate_gpa` */;
/*!50003 SET @saved_cs_client      = @@character_set_client */ ;
/*!50003 SET @saved_cs_results     = @@character_set_results */ ;
/*!50003 SET @saved_col_connection = @@collation_connection */ ;
/*!50003 SET character_set_client  = utf8mb4 */ ;
/*!50003 SET character_set_results = utf8mb4 */ ;
/*!50003 SET collation_connection  = utf8mb4_general_ci */ ;
/*!50003 SET @saved_sql_mode       = @@sql_mode */ ;
/*!50003 SET sql_mode              = 'STRICT_TRANS_TABLES,ERROR_FOR_DIVISION_BY_ZERO,NO_AUTO_CREATE_USER,NO_ENGINE_SUBSTITUTION' */ ;
DELIMITER ;;
CREATE DEFINER=`af25stevc1`@`localhost` FUNCTION `f_validate_gpa`(input_gpa VARCHAR(4)) RETURNS varchar(255) CHARSET utf8mb3 COLLATE utf8mb3_general_ci
    DETERMINISTIC
BEGIN
	IF input_gpa IS NULL THEN
		RETURN 'No GPA to Validate';
        
	ELSEIF input_gpa NOT REGEXP '^[0-9]+\\.[0-9]{1,2}$' THEN
        RETURN 'GPA must be a number with 1 or 2 decimal places (no letters allowed)';
    END IF;
    
	SET input_gpa := CAST(input_gpa AS DECIMAL(3,1));
        
	IF input_gpa  < 0.0 or input_gpa > 4.0 then
		RETURN 'A GPA cannot be less than a 0.0 or more than a 4.0';    
	
    END IF;
    RETURN 'GPA is Good to Use!';
END ;;
DELIMITER ;
/*!50003 SET sql_mode              = @saved_sql_mode */ ;
/*!50003 SET character_set_client  = @saved_cs_client */ ;
/*!50003 SET character_set_results = @saved_cs_results */ ;
/*!50003 SET collation_connection  = @saved_col_connection */ ;
/*!50003 DROP PROCEDURE IF EXISTS `p_update_gpa` */;
/*!50003 SET @saved_cs_client      = @@character_set_client */ ;
/*!50003 SET @saved_cs_results     = @@character_set_results */ ;
/*!50003 SET @saved_col_connection = @@collation_connection */ ;
/*!50003 SET character_set_client  = utf8mb4 */ ;
/*!50003 SET character_set_results = utf8mb4 */ ;
/*!50003 SET collation_connection  = utf8mb4_general_ci */ ;
/*!50003 SET @saved_sql_mode       = @@sql_mode */ ;
/*!50003 SET sql_mode              = 'STRICT_TRANS_TABLES,ERROR_FOR_DIVISION_BY_ZERO,NO_AUTO_CREATE_USER,NO_ENGINE_SUBSTITUTION' */ ;
DELIMITER ;;
CREATE DEFINER=`af25stevc1`@`localhost` PROCEDURE `p_update_gpa`( in p_student_id INT, in p_new_gpa varchar(20))
BEGIN 
	DECLARE validation_msg VARCHAR(255); 
	DECLARE v_current_gpa DECIMAL(3,2);
    DECLARE v_new_gpa DECIMAL(3,2);
    DECLARE v_avg_gpa DECIMAL(3,2);
    
    START TRANSACTION;
		SET validation_msg = f_validate_gpa(p_new_gpa);
        
        -- If validation failed, rollback and exit with and the error message the validation function returns
        IF validation_msg <> 'GPA is Good to Use!' THEN
            ROLLBACK;
                SELECT validation_msg as error_message;
        END IF;
        
        -- sets our gpa 
		SET v_new_gpa = CAST(p_new_gpa AS DECIMAL(3,1));
        
        -- gets the studnt's current cumulative gpa and store that value into v_current_gpa 
        SELECT cumulative_gpa
        INTO v_current_gpa
        FROM student
        WHERE student_id = p_student_id
        FOR UPDATE; -- locks the students gpa row so it cant be updated until i finish updating
				
	 IF v_current_gpa IS NULL THEN
				ROLLBACK;
				SELECT 'GPA not updated: student not found';
			END IF;

			--  new cumulative GPA by averaging ig we cant use agravate functions so no avg
			SET v_avg_gpa = ROUND((v_current_gpa + v_new_gpa) / 2, 2);
	
		IF validation_msg = 'GPA is Good to Use!' THEN
			UPDATE student
			SET cumulative_gpa = v_avg_gpa
			WHERE student_id = p_student_id;

			COMMIT;
		END IF; 
	END ;;
DELIMITER ;
/*!50003 SET sql_mode              = @saved_sql_mode */ ;
/*!50003 SET character_set_client  = @saved_cs_client */ ;
/*!50003 SET character_set_results = @saved_cs_results */ ;
/*!50003 SET collation_connection  = @saved_col_connection */ ;

--
-- Final view structure for view `course_offering_summary`
--

/*!50001 DROP VIEW IF EXISTS `course_offering_summary`*/;
/*!50001 SET @saved_cs_client          = @@character_set_client */;
/*!50001 SET @saved_cs_results         = @@character_set_results */;
/*!50001 SET @saved_col_connection     = @@collation_connection */;
/*!50001 SET character_set_client      = utf8mb4 */;
/*!50001 SET character_set_results     = utf8mb4 */;
/*!50001 SET collation_connection      = utf8mb4_general_ci */;
/*!50001 CREATE ALGORITHM=UNDEFINED */
/*!50013 DEFINER=`af25stevc1`@`localhost` SQL SECURITY DEFINER */
/*!50001 VIEW `course_offering_summary` AS select `co`.`course_offering_id` AS `course_offering_id`,`c`.`course_code` AS `course_code`,`c`.`course_title` AS `course_title`,`s`.`semester_term` AS `semester_term`,`r`.`room_number` AS `room_number`,`r`.`building` AS `building`,`f`.`faculty_id` AS `faculty_id`,`pf`.`first_name` AS `instructor_first_name`,`pf`.`last_name` AS `instructor_last_name` from (((((`course_offering` `co` join `course` `c` on(`co`.`course_id` = `c`.`course_id`)) join `semester` `s` on(`co`.`semester_id1` = `s`.`semester_id`)) join `room` `r` on(`co`.`room_id1` = `r`.`room_id`)) join `faculty` `f` on(`co`.`faculty_id` = `f`.`faculty_id`)) join `people` `pf` on(`f`.`people_id` = `pf`.`people_id`)) */;
/*!50001 SET character_set_client      = @saved_cs_client */;
/*!50001 SET character_set_results     = @saved_cs_results */;
/*!50001 SET collation_connection      = @saved_col_connection */;

--
-- Final view structure for view `course_summary`
--

/*!50001 DROP VIEW IF EXISTS `course_summary`*/;
/*!50001 SET @saved_cs_client          = @@character_set_client */;
/*!50001 SET @saved_cs_results         = @@character_set_results */;
/*!50001 SET @saved_col_connection     = @@collation_connection */;
/*!50001 SET character_set_client      = utf8mb4 */;
/*!50001 SET character_set_results     = utf8mb4 */;
/*!50001 SET collation_connection      = utf8mb4_general_ci */;
/*!50001 CREATE ALGORITHM=UNDEFINED */
/*!50013 DEFINER=`af25stevc1`@`localhost` SQL SECURITY DEFINER */
/*!50001 VIEW `course_summary` AS select `c`.`course_id` AS `course_id`,`c`.`course_code` AS `course_code`,`c`.`course_title` AS `course_title`,`c`.`credits` AS `credits`,`d`.`department_name` AS `department_name` from (`course` `c` join `department` `d` on(`c`.`department_id` = `d`.`department_id`)) */;
/*!50001 SET character_set_client      = @saved_cs_client */;
/*!50001 SET character_set_results     = @saved_cs_results */;
/*!50001 SET collation_connection      = @saved_col_connection */;

--
-- Final view structure for view `enrollment_summary`
--

/*!50001 DROP VIEW IF EXISTS `enrollment_summary`*/;
/*!50001 SET @saved_cs_client          = @@character_set_client */;
/*!50001 SET @saved_cs_results         = @@character_set_results */;
/*!50001 SET @saved_col_connection     = @@collation_connection */;
/*!50001 SET character_set_client      = utf8mb4 */;
/*!50001 SET character_set_results     = utf8mb4 */;
/*!50001 SET collation_connection      = utf8mb4_general_ci */;
/*!50001 CREATE ALGORITHM=UNDEFINED */
/*!50013 DEFINER=`af25stevc1`@`localhost` SQL SECURITY DEFINER */
/*!50001 VIEW `enrollment_summary` AS select `e`.`enrollment_id` AS `enrollment_id`,`p`.`first_name` AS `student_first_name`,`p`.`last_name` AS `student_last_name`,`c`.`course_code` AS `course_code`,`c`.`course_title` AS `course_title`,`lg`.`grade_symbol` AS `grade_symbol`,`lg`.`letter_grade_col` AS `grade_description`,`s`.`semester_term` AS `semester_term`,`pf`.`first_name` AS `instructor_first_name`,`pf`.`last_name` AS `instructor_last_name` from ((((((((`enrollment` `e` join `student` `st` on(`e`.`student_id` = `st`.`student_id`)) join `people` `p` on(`st`.`people_id` = `p`.`people_id`)) join `course_offering` `co` on(`e`.`course_offering_id` = `co`.`course_offering_id`)) join `course` `c` on(`co`.`course_id` = `c`.`course_id`)) join `semester` `s` on(`co`.`semester_id1` = `s`.`semester_id`)) join `faculty` `f` on(`co`.`faculty_id` = `f`.`faculty_id`)) join `people` `pf` on(`f`.`people_id` = `pf`.`people_id`)) join `letter_grade` `lg` on(`e`.`letter_grade_id` = `lg`.`letter_grade_id`)) */;
/*!50001 SET character_set_client      = @saved_cs_client */;
/*!50001 SET character_set_results     = @saved_cs_results */;
/*!50001 SET collation_connection      = @saved_col_connection */;

--
-- Final view structure for view `faculty_summary`
--

/*!50001 DROP VIEW IF EXISTS `faculty_summary`*/;
/*!50001 SET @saved_cs_client          = @@character_set_client */;
/*!50001 SET @saved_cs_results         = @@character_set_results */;
/*!50001 SET @saved_col_connection     = @@collation_connection */;
/*!50001 SET character_set_client      = utf8mb4 */;
/*!50001 SET character_set_results     = utf8mb4 */;
/*!50001 SET collation_connection      = utf8mb4_general_ci */;
/*!50001 CREATE ALGORITHM=UNDEFINED */
/*!50013 DEFINER=`af25stevc1`@`localhost` SQL SECURITY DEFINER */
/*!50001 VIEW `faculty_summary` AS select `f`.`faculty_id` AS `faculty_id`,`p`.`first_name` AS `faculty_first_name`,`p`.`last_name` AS `faculty_last_name`,`d`.`department_name` AS `department_name`,`f`.`office_location` AS `office_location` from ((`faculty` `f` join `people` `p` on(`f`.`people_id` = `p`.`people_id`)) join `department` `d` on(`f`.`department_id` = `d`.`department_id`)) */;
/*!50001 SET character_set_client      = @saved_cs_client */;
/*!50001 SET character_set_results     = @saved_cs_results */;
/*!50001 SET collation_connection      = @saved_col_connection */;

--
-- Final view structure for view `people_summary`
--

/*!50001 DROP VIEW IF EXISTS `people_summary`*/;
/*!50001 SET @saved_cs_client          = @@character_set_client */;
/*!50001 SET @saved_cs_results         = @@character_set_results */;
/*!50001 SET @saved_col_connection     = @@collation_connection */;
/*!50001 SET character_set_client      = utf8mb4 */;
/*!50001 SET character_set_results     = utf8mb4 */;
/*!50001 SET collation_connection      = utf8mb4_general_ci */;
/*!50001 CREATE ALGORITHM=UNDEFINED */
/*!50013 DEFINER=`af25stevc1`@`localhost` SQL SECURITY DEFINER */
/*!50001 VIEW `people_summary` AS select `people`.`people_id` AS `people_id`,`people`.`first_name` AS `first_name`,`people`.`last_name` AS `last_name`,`people`.`email` AS `email`,`people`.`gender` AS `gender`,`people`.`date_of_birth` AS `date_of_birth` from `people` */;
/*!50001 SET character_set_client      = @saved_cs_client */;
/*!50001 SET character_set_results     = @saved_cs_results */;
/*!50001 SET collation_connection      = @saved_col_connection */;

--
-- Final view structure for view `staff_summary`
--

/*!50001 DROP VIEW IF EXISTS `staff_summary`*/;
/*!50001 SET @saved_cs_client          = @@character_set_client */;
/*!50001 SET @saved_cs_results         = @@character_set_results */;
/*!50001 SET @saved_col_connection     = @@collation_connection */;
/*!50001 SET character_set_client      = utf8mb4 */;
/*!50001 SET character_set_results     = utf8mb4 */;
/*!50001 SET collation_connection      = utf8mb4_general_ci */;
/*!50001 CREATE ALGORITHM=UNDEFINED */
/*!50013 DEFINER=`af25stevc1`@`localhost` SQL SECURITY DEFINER */
/*!50001 VIEW `staff_summary` AS select `st`.`staff_id` AS `staff_id`,`p`.`first_name` AS `staff_first_name`,`p`.`last_name` AS `staff_last_name`,`d`.`department_name` AS `department_name`,`st`.`staffcol` AS `job_title` from ((`staff` `st` join `people` `p` on(`st`.`people_id` = `p`.`people_id`)) join `department` `d` on(`st`.`department_id` = `d`.`department_id`)) */;
/*!50001 SET character_set_client      = @saved_cs_client */;
/*!50001 SET character_set_results     = @saved_cs_results */;
/*!50001 SET collation_connection      = @saved_col_connection */;

--
-- Final view structure for view `student_summary`
--

/*!50001 DROP VIEW IF EXISTS `student_summary`*/;
/*!50001 SET @saved_cs_client          = @@character_set_client */;
/*!50001 SET @saved_cs_results         = @@character_set_results */;
/*!50001 SET @saved_col_connection     = @@collation_connection */;
/*!50001 SET character_set_client      = utf8mb4 */;
/*!50001 SET character_set_results     = utf8mb4 */;
/*!50001 SET collation_connection      = utf8mb4_general_ci */;
/*!50001 CREATE ALGORITHM=UNDEFINED */
/*!50013 DEFINER=`af25stevc1`@`localhost` SQL SECURITY DEFINER */
/*!50001 VIEW `student_summary` AS select `s`.`student_id` AS `student_id`,`p`.`first_name` AS `student_first_name`,`p`.`last_name` AS `student_last_name`,`s`.`cumulative_gpa` AS `cumulative_gpa`,`f`.`faculty_id` AS `advisor_id`,`pf`.`first_name` AS `advisor_first_name`,`pf`.`last_name` AS `advisor_last_name` from (((`student` `s` join `people` `p` on(`s`.`people_id` = `p`.`people_id`)) left join `faculty` `f` on(`s`.`advisor_id` = `f`.`faculty_id`)) left join `people` `pf` on(`f`.`people_id` = `pf`.`people_id`)) */;
/*!50001 SET character_set_client      = @saved_cs_client */;
/*!50001 SET character_set_results     = @saved_cs_results */;
/*!50001 SET collation_connection      = @saved_col_connection */;
/*!40103 SET TIME_ZONE=@OLD_TIME_ZONE */;

/*!40101 SET SQL_MODE=@OLD_SQL_MODE */;
/*!40014 SET FOREIGN_KEY_CHECKS=@OLD_FOREIGN_KEY_CHECKS */;
/*!40014 SET UNIQUE_CHECKS=@OLD_UNIQUE_CHECKS */;
/*!40101 SET CHARACTER_SET_CLIENT=@OLD_CHARACTER_SET_CLIENT */;
/*!40101 SET CHARACTER_SET_RESULTS=@OLD_CHARACTER_SET_RESULTS */;
/*!40101 SET COLLATION_CONNECTION=@OLD_COLLATION_CONNECTION */;
/*!40111 SET SQL_NOTES=@OLD_SQL_NOTES */;

-- Dump completed on 2025-11-25 12:52:47
